Char,Image,Unicodecodepoint,Occurrences,Position,Neg,Neut,Pos,Sentiment,bar,name,block
ğŸ˜‚,ğŸ˜‚,0x1f602,14622.0,0.805,0.247,0.285,0.468,0.221,    ,FACE WITH TEARS OF JOY,Emoticons
â¤,â¤,0x2764,8050.0,0.747,0.044,0.166,0.79,0.746,    ,HEAVY BLACK HEART,Dingbats
â™¥,â™¥,0x2665,7144.0,0.754,0.035,0.272,0.693,0.657,    ,BLACK HEART SUIT,Miscellaneous Symbols
ğŸ˜,ğŸ˜,0x1f60d,6359.0,0.765,0.052,0.219,0.729,0.678,    ,SMILING FACE WITH HEART-SHAPED EYES,Emoticons
ğŸ˜­,ğŸ˜­,0x1f62d,5526.0,0.803,0.436,0.22,0.343,-0.093,    ,LOUDLY CRYING FACE,Emoticons
ğŸ˜˜,ğŸ˜˜,0x1f618,3648.0,0.854,0.053,0.193,0.754,0.701,    ,FACE THROWING A KISS,Emoticons
ğŸ˜Š,ğŸ˜Š,0x1f60a,3186.0,0.813,0.06,0.237,0.704,0.644,    ,SMILING FACE WITH SMILING EYES,Emoticons
ğŸ‘Œ,ğŸ‘Œ,0x1f44c,2925.0,0.805,0.094,0.249,0.657,0.563,    ,OK HAND SIGN,Miscellaneous Symbols and Pictographs
ğŸ’•,ğŸ’•,0x1f495,2400.0,0.766,0.042,0.285,0.674,0.632,    ,TWO HEARTS,Miscellaneous Symbols and Pictographs
ğŸ‘,ğŸ‘,0x1f44f,2336.0,0.787,0.104,0.271,0.624,0.52,    ,CLAPPING HANDS SIGN,Miscellaneous Symbols and Pictographs
ğŸ˜,ğŸ˜,0x1f601,2189.0,0.796,0.127,0.296,0.577,0.449,    ,GRINNING FACE WITH SMILING EYES,Emoticons
â˜º,â˜º,0x263a,2062.0,0.799,0.062,0.218,0.72,0.657,    ,WHITE SMILING FACE,Miscellaneous Symbols
â™¡,â™¡,0x2661,1975.0,0.764,0.052,0.227,0.721,0.669,    ,WHITE HEART SUIT,Miscellaneous Symbols
ğŸ‘,ğŸ‘,0x1f44d,1854.0,0.812,0.115,0.248,0.637,0.521,    ,THUMBS UP SIGN,Miscellaneous Symbols and Pictographs
ğŸ˜©,ğŸ˜©,0x1f629,1808.0,0.826,0.591,0.186,0.223,-0.368,    ,WEARY FACE,Emoticons
ğŸ™,ğŸ™,0x1f64f,1539.0,0.794,0.081,0.421,0.498,0.417,    ,PERSON WITH FOLDED HANDS,Emoticons
âœŒ,âœŒ,0x270c,1534.0,0.79,0.113,0.31,0.576,0.463,    ,VICTORY HAND,Dingbats
ğŸ˜,ğŸ˜,0x1f60f,1522.0,0.765,0.112,0.444,0.444,0.332,    ,SMIRKING FACE,Emoticons
ğŸ˜‰,ğŸ˜‰,0x1f609,1521.0,0.845,0.1,0.337,0.563,0.463,    ,WINKING FACE,Emoticons
ğŸ™Œ,ğŸ™Œ,0x1f64c,1506.0,0.791,0.101,0.238,0.661,0.559,    ,PERSON RAISING BOTH HANDS IN CELEBRATION,Emoticons
ğŸ™ˆ,ğŸ™ˆ,0x1f648,1456.0,0.739,0.164,0.241,0.596,0.432,    ,SEE-NO-EVIL MONKEY,Emoticons
ğŸ’ª,ğŸ’ª,0x1f4aa,1409.0,0.807,0.072,0.301,0.627,0.555,    ,FLEXED BICEPS,Miscellaneous Symbols and Pictographs
ğŸ˜„,ğŸ˜„,0x1f604,1398.0,0.795,0.137,0.305,0.558,0.421,    ,SMILING FACE WITH OPEN MOUTH AND SMILING EYES,Emoticons
ğŸ˜’,ğŸ˜’,0x1f612,1385.0,0.858,0.591,0.192,0.217,-0.374,    ,UNAMUSED FACE,Emoticons
ğŸ’ƒ,ğŸ’ƒ,0x1f483,1344.0,0.853,0.045,0.177,0.779,0.734,    ,DANCER,Miscellaneous Symbols and Pictographs
ğŸ’–,ğŸ’–,0x1f496,1263.0,0.762,0.043,0.201,0.755,0.712,    ,SPARKLING HEART,Miscellaneous Symbols and Pictographs
ğŸ˜ƒ,ğŸ˜ƒ,0x1f603,1206.0,0.735,0.072,0.299,0.629,0.557,    ,SMILING FACE WITH OPEN MOUTH,Emoticons
ğŸ˜”,ğŸ˜”,0x1f614,1205.0,0.866,0.464,0.219,0.318,-0.146,    ,PENSIVE FACE,Emoticons
ğŸ˜±,ğŸ˜±,0x1f631,1130.0,0.773,0.264,0.282,0.454,0.19,    ,FACE SCREAMING IN FEAR,Emoticons
ğŸ‰,ğŸ‰,0x1f389,1125.0,0.744,0.039,0.184,0.777,0.738,    ,PARTY POPPER,Miscellaneous Symbols and Pictographs
ğŸ˜œ,ğŸ˜œ,0x1f61c,1035.0,0.822,0.112,0.322,0.566,0.455,    ,FACE WITH STUCK-OUT TONGUE AND WINKING EYE,Emoticons
â˜¯,â˜¯,0x262f,992.0,0.384,0.006,0.987,0.007,0.001,    ,YIN YANG,Miscellaneous Symbols
ğŸŒ¸,ğŸŒ¸,0x1f338,946.0,0.57,0.04,0.27,0.69,0.65,    ,CHERRY BLOSSOM,Miscellaneous Symbols and Pictographs
ğŸ’œ,ğŸ’œ,0x1f49c,939.0,0.731,0.045,0.257,0.699,0.654,    ,PURPLE HEART,Miscellaneous Symbols and Pictographs
ğŸ’™,ğŸ’™,0x1f499,912.0,0.703,0.033,0.204,0.763,0.73,    ,BLUE HEART,Miscellaneous Symbols and Pictographs
âœ¨,âœ¨,0x2728,848.0,0.56,0.052,0.545,0.403,0.351,    ,SPARKLES,Dingbats
ğŸ˜³,ğŸ˜³,0x1f633,846.0,0.797,0.327,0.327,0.345,0.018,    ,FLUSHED FACE,Emoticons
ğŸ’—,ğŸ’—,0x1f497,836.0,0.8,0.051,0.241,0.708,0.657,    ,GROWING HEART,Miscellaneous Symbols and Pictographs
â˜…,â˜…,0x2605,828.0,0.353,0.031,0.655,0.314,0.283,    ,BLACK STAR,Miscellaneous Symbols
â–ˆ,â–ˆ,0x2588,798.0,0.634,0.09,0.853,0.057,-0.032,    ,FULL BLOCK,Block Elements
â˜€,â˜€,0x2600,786.0,0.546,0.028,0.479,0.493,0.465,    ,BLACK SUN WITH RAYS,Miscellaneous Symbols
ğŸ˜¡,ğŸ˜¡,0x1f621,756.0,0.862,0.532,0.108,0.36,-0.173,    ,POUTING FACE,Emoticons
ğŸ˜,ğŸ˜,0x1f60e,754.0,0.766,0.106,0.297,0.597,0.491,    ,SMILING FACE WITH SUNGLASSES,Emoticons
ğŸ˜¢,ğŸ˜¢,0x1f622,749.0,0.814,0.384,0.225,0.391,0.007,    ,CRYING FACE,Emoticons
ğŸ’‹,ğŸ’‹,0x1f48b,734.0,0.801,0.039,0.231,0.73,0.691,    ,KISS MARK,Miscellaneous Symbols and Pictographs
ğŸ˜‹,ğŸ˜‹,0x1f60b,734.0,0.765,0.046,0.277,0.677,0.631,    ,FACE SAVOURING DELICIOUS FOOD,Emoticons
ğŸ™Š,ğŸ™Š,0x1f64a,725.0,0.741,0.135,0.272,0.593,0.459,    ,SPEAK-NO-EVIL MONKEY,Emoticons
ğŸ˜´,ğŸ˜´,0x1f634,718.0,0.85,0.422,0.237,0.341,-0.08,    ,SLEEPING FACE,Emoticons
ğŸ¶,ğŸ¶,0x1f3b6,701.0,0.797,0.097,0.27,0.634,0.537,    ,MULTIPLE MUSICAL NOTES,Miscellaneous Symbols and Pictographs
ğŸ’,ğŸ’,0x1f49e,687.0,0.829,0.041,0.18,0.78,0.739,    ,REVOLVING HEARTS,Miscellaneous Symbols and Pictographs
ğŸ˜Œ,ğŸ˜Œ,0x1f60c,665.0,0.847,0.141,0.237,0.623,0.482,    ,RELIEVED FACE,Emoticons
ğŸ”¥,ğŸ”¥,0x1f525,651.0,0.616,0.124,0.613,0.263,0.139,    ,FIRE,Miscellaneous Symbols and Pictographs
ğŸ’¯,ğŸ’¯,0x1f4af,637.0,0.872,0.281,0.317,0.402,0.12,    ,HUNDRED POINTS SYMBOL,Miscellaneous Symbols and Pictographs
ğŸ”«,ğŸ”«,0x1f52b,604.0,0.894,0.493,0.209,0.298,-0.194,    ,PISTOL,Miscellaneous Symbols and Pictographs
ğŸ’›,ğŸ’›,0x1f49b,602.0,0.752,0.043,0.205,0.752,0.709,    ,YELLOW HEART,Miscellaneous Symbols and Pictographs
ğŸ’,ğŸ’,0x1f481,549.0,0.84,0.192,0.29,0.518,0.326,    ,INFORMATION DESK PERSON,Miscellaneous Symbols and Pictographs
ğŸ’š,ğŸ’š,0x1f49a,537.0,0.737,0.078,0.189,0.733,0.656,    ,GREEN HEART,Miscellaneous Symbols and Pictographs
â™«,â™«,0x266b,533.0,0.397,0.063,0.586,0.351,0.287,    ,BEAMED EIGHTH NOTES,Miscellaneous Symbols
ğŸ˜,ğŸ˜,0x1f61e,532.0,0.825,0.479,0.161,0.361,-0.118,    ,DISAPPOINTED FACE,Emoticons
ğŸ˜†,ğŸ˜†,0x1f606,527.0,0.809,0.155,0.281,0.564,0.409,    ,SMILING FACE WITH OPEN MOUTH AND TIGHTLY-CLOSED EYES,Emoticons
ğŸ˜,ğŸ˜,0x1f61d,496.0,0.809,0.132,0.313,0.555,0.423,    ,FACE WITH STUCK-OUT TONGUE AND TIGHTLY-CLOSED EYES,Emoticons
ğŸ˜ª,ğŸ˜ª,0x1f62a,482.0,0.858,0.431,0.219,0.351,-0.08,    ,SLEEPY FACE,Emoticons
ï¿½,ï¿½,0xfffd,472.0,0.113,0.166,0.581,0.253,0.086,    ,REPLACEMENT CHARACTER,Specials
ğŸ˜«,ğŸ˜«,0x1f62b,467.0,0.84,0.485,0.174,0.34,-0.145,    ,TIRED FACE,Emoticons
ğŸ˜…,ğŸ˜…,0x1f605,462.0,0.828,0.292,0.237,0.471,0.178,    ,SMILING FACE WITH OPEN MOUTH AND COLD SWEAT,Emoticons
ğŸ‘Š,ğŸ‘Š,0x1f44a,458.0,0.825,0.265,0.243,0.492,0.228,    ,FISTED HAND SIGN,Miscellaneous Symbols and Pictographs
ğŸ’€,ğŸ’€,0x1f480,456.0,0.739,0.468,0.27,0.261,-0.207,    ,SKULL,Miscellaneous Symbols and Pictographs
ğŸ˜€,ğŸ˜€,0x1f600,439.0,0.786,0.086,0.26,0.654,0.568,    ,GRINNING FACE,Emoticons
ğŸ˜š,ğŸ˜š,0x1f61a,424.0,0.853,0.049,0.192,0.759,0.71,    ,KISSING FACE WITH CLOSED EYES,Emoticons
ğŸ˜»,ğŸ˜»,0x1f63b,417.0,0.73,0.069,0.243,0.688,0.619,    ,SMILING CAT FACE WITH HEART-SHAPED EYES,Emoticons
Â©,Â©,0xa9,416.0,0.74,0.131,0.621,0.248,0.117,    ,COPYRIGHT SIGN,Latin-1 Supplement
ğŸ‘€,ğŸ‘€,0x1f440,410.0,0.759,0.228,0.482,0.291,0.063,    ,EYES,Miscellaneous Symbols and Pictographs
ğŸ’˜,ğŸ’˜,0x1f498,395.0,0.785,0.048,0.221,0.731,0.683,    ,HEART WITH ARROW,Miscellaneous Symbols and Pictographs
ğŸ“,ğŸ“,0x1f413,384.0,0.491,0.109,0.755,0.137,0.028,    ,ROOSTER,Miscellaneous Symbols and Pictographs
â˜•,â˜•,0x2615,382.0,0.685,0.14,0.475,0.384,0.244,    ,HOT BEVERAGE,Miscellaneous Symbols
ğŸ‘‹,ğŸ‘‹,0x1f44b,382.0,0.798,0.158,0.27,0.571,0.413,    ,WAVING HAND SIGN,Miscellaneous Symbols and Pictographs
âœ‹,âœ‹,0x270b,378.0,0.838,0.328,0.218,0.454,0.126,    ,RAISED HAND,Dingbats
ğŸŠ,ğŸŠ,0x1f38a,363.0,0.724,0.057,0.164,0.779,0.721,    ,CONFETTI BALL,Miscellaneous Symbols and Pictographs
ğŸ•,ğŸ•,0x1f355,352.0,0.545,0.056,0.47,0.473,0.417,    ,SLICE OF PIZZA,Miscellaneous Symbols and Pictographs
â„,â„,0x2744,349.0,0.76,0.099,0.295,0.605,0.506,    ,SNOWFLAKE,Dingbats
ğŸ˜¥,ğŸ˜¥,0x1f625,341.0,0.882,0.317,0.244,0.439,0.122,    ,DISAPPOINTED BUT RELIEVED FACE,Emoticons
ğŸ˜•,ğŸ˜•,0x1f615,340.0,0.857,0.601,0.195,0.204,-0.397,    ,CONFUSED FACE,Emoticons
ğŸ’¥,ğŸ’¥,0x1f4a5,329.0,0.587,0.072,0.708,0.22,0.148,    ,COLLISION SYMBOL,Miscellaneous Symbols and Pictographs
ğŸ’”,ğŸ’”,0x1f494,328.0,0.836,0.414,0.293,0.293,-0.121,    ,BROKEN HEART,Miscellaneous Symbols and Pictographs
ğŸ˜¤,ğŸ˜¤,0x1f624,327.0,0.884,0.479,0.252,0.27,-0.209,    ,FACE WITH LOOK OF TRIUMPH,Emoticons
ğŸ˜ˆ,ğŸ˜ˆ,0x1f608,325.0,0.762,0.204,0.326,0.47,0.265,    ,SMILING FACE WITH HORNS,Emoticons
â–º,â–º,0x25ba,325.0,0.516,0.125,0.588,0.287,0.162,    ,BLACK RIGHT-POINTING POINTER,Geometric Shapes
âœˆ,âœˆ,0x2708,322.0,0.522,0.043,0.498,0.458,0.415,    ,AIRPLANE,Dingbats
ğŸ”,ğŸ”,0x1f51d,303.0,0.798,0.088,0.35,0.562,0.474,    ,TOP WITH UPWARDS ARROW ABOVE,Miscellaneous Symbols and Pictographs
ğŸ˜°,ğŸ˜°,0x1f630,302.0,0.92,0.436,0.148,0.416,-0.02,    ,FACE WITH OPEN MOUTH AND COLD SWEAT,Emoticons
âš½,âš½,0x26bd,299.0,0.193,0.053,0.278,0.669,0.616,    ,SOCCER BALL,Miscellaneous Symbols
ğŸ˜‘,ğŸ˜‘,0x1f611,299.0,0.844,0.513,0.285,0.202,-0.311,    ,EXPRESSIONLESS FACE,Emoticons
ğŸ‘‘,ğŸ‘‘,0x1f451,298.0,0.699,0.043,0.219,0.738,0.694,    ,CROWN,Miscellaneous Symbols and Pictographs
ğŸ˜¹,ğŸ˜¹,0x1f639,295.0,0.807,0.299,0.262,0.44,0.141,    ,CAT FACE WITH TEARS OF JOY,Emoticons
ğŸ‘‰,ğŸ‘‰,0x1f449,292.0,0.559,0.071,0.468,0.461,0.39,    ,WHITE RIGHT POINTING BACKHAND INDEX,Miscellaneous Symbols and Pictographs
ğŸƒ,ğŸƒ,0x1f343,291.0,0.572,0.102,0.418,0.48,0.378,    ,LEAF FLUTTERING IN WIND,Miscellaneous Symbols and Pictographs
ğŸ,ğŸ,0x1f381,288.0,0.709,0.041,0.158,0.801,0.759,    ,WRAPPED PRESENT,Miscellaneous Symbols and Pictographs
ğŸ˜ ,ğŸ˜ ,0x1f620,288.0,0.849,0.564,0.172,0.265,-0.299,    ,ANGRY FACE,Emoticons
ğŸ§,ğŸ§,0x1f427,284.0,0.54,0.042,0.46,0.498,0.456,    ,PENGUIN,Miscellaneous Symbols and Pictographs
â˜†,â˜†,0x2606,282.0,0.563,0.032,0.509,0.46,0.428,    ,WHITE STAR,Miscellaneous Symbols
ğŸ€,ğŸ€,0x1f340,278.0,0.768,0.025,0.665,0.31,0.285,    ,FOUR LEAF CLOVER,Miscellaneous Symbols and Pictographs
ğŸˆ,ğŸˆ,0x1f388,277.0,0.719,0.018,0.246,0.736,0.718,    ,BALLOON,Miscellaneous Symbols and Pictographs
ğŸ…,ğŸ…,0x1f385,274.0,0.801,0.029,0.625,0.347,0.318,    ,FATHER CHRISTMAS,Miscellaneous Symbols and Pictographs
ğŸ˜“,ğŸ˜“,0x1f613,273.0,0.845,0.431,0.217,0.351,-0.08,    ,FACE WITH COLD SWEAT,Emoticons
ğŸ˜£,ğŸ˜£,0x1f623,271.0,0.903,0.54,0.131,0.328,-0.212,    ,PERSEVERING FACE,Emoticons
ğŸ˜,ğŸ˜,0x1f610,270.0,0.883,0.553,0.282,0.165,-0.388,    ,NEUTRAL FACE,Emoticons
âœŠ,âœŠ,0x270a,270.0,0.859,0.139,0.293,0.568,0.429,    ,RAISED FIST,Dingbats
ğŸ˜¨,ğŸ˜¨,0x1f628,269.0,0.814,0.434,0.272,0.294,-0.14,    ,FEARFUL FACE,Emoticons
ğŸ˜–,ğŸ˜–,0x1f616,268.0,0.869,0.483,0.188,0.328,-0.155,    ,CONFOUNDED FACE,Emoticons
ğŸ’¤,ğŸ’¤,0x1f4a4,267.0,0.8,0.144,0.341,0.515,0.37,    ,SLEEPING SYMBOL,Miscellaneous Symbols and Pictographs
ğŸ’“,ğŸ’“,0x1f493,259.0,0.783,0.061,0.214,0.725,0.664,    ,BEATING HEART,Miscellaneous Symbols and Pictographs
ğŸ‘,ğŸ‘,0x1f44e,258.0,0.914,0.494,0.199,0.307,-0.188,    ,THUMBS DOWN SIGN,Miscellaneous Symbols and Pictographs
ğŸ’¦,ğŸ’¦,0x1f4a6,252.0,0.779,0.141,0.247,0.612,0.471,    ,SPLASHING SWEAT SYMBOL,Miscellaneous Symbols and Pictographs
âœ”,âœ”,0x2714,249.0,0.565,0.127,0.476,0.397,0.27,    ,HEAVY CHECK MARK,Dingbats
ğŸ˜·,ğŸ˜·,0x1f637,246.0,0.84,0.474,0.221,0.305,-0.169,    ,FACE WITH MEDICAL MASK,Emoticons
âš¡,âš¡,0x26a1,246.0,0.779,0.044,0.735,0.221,0.177,    ,HIGH VOLTAGE SIGN,Miscellaneous Symbols
ğŸ™‹,ğŸ™‹,0x1f64b,236.0,0.733,0.13,0.255,0.615,0.485,    ,HAPPY PERSON RAISING ONE HAND,Emoticons
ğŸ„,ğŸ„,0x1f384,236.0,0.633,0.067,0.335,0.598,0.531,    ,CHRISTMAS TREE,Miscellaneous Symbols and Pictographs
ğŸ’©,ğŸ’©,0x1f4a9,229.0,0.84,0.409,0.297,0.293,-0.116,    ,PILE OF POO,Miscellaneous Symbols and Pictographs
ğŸµ,ğŸµ,0x1f3b5,223.0,0.715,0.106,0.288,0.606,0.5,    ,MUSICAL NOTE,Miscellaneous Symbols and Pictographs
â¡,â¡,0x27a1,222.0,0.478,0.013,0.827,0.16,0.147,    ,BLACK RIGHTWARDS ARROW,Dingbats
ğŸ˜›,ğŸ˜›,0x1f61b,220.0,0.734,0.085,0.229,0.686,0.601,    ,FACE WITH STUCK-OUT TONGUE,Emoticons
ğŸ˜¬,ğŸ˜¬,0x1f62c,214.0,0.794,0.267,0.272,0.461,0.194,    ,GRIMACING FACE,Emoticons
ğŸ‘¯,ğŸ‘¯,0x1f46f,211.0,0.742,0.117,0.327,0.556,0.439,    ,WOMAN WITH BUNNY EARS,Miscellaneous Symbols and Pictographs
ğŸ’,ğŸ’,0x1f48e,209.0,0.694,0.057,0.325,0.618,0.561,    ,GEM STONE,Miscellaneous Symbols and Pictographs
ğŸŒ¿,ğŸŒ¿,0x1f33f,208.0,0.6,0.009,0.597,0.393,0.384,    ,HERB,Miscellaneous Symbols and Pictographs
ğŸ‚,ğŸ‚,0x1f382,201.0,0.748,0.083,0.221,0.696,0.613,    ,BIRTHDAY CAKE,Miscellaneous Symbols and Pictographs
ğŸŒŸ,ğŸŒŸ,0x1f31f,199.0,0.655,0.059,0.554,0.386,0.327,    ,GLOWING STAR,Miscellaneous Symbols and Pictographs
ğŸ”®,ğŸ”®,0x1f52e,199.0,0.333,0.035,0.663,0.302,0.267,    ,CRYSTAL BALL,Miscellaneous Symbols and Pictographs
â—,â—,0x2757,198.0,0.62,0.159,0.582,0.259,0.1,    ,HEAVY EXCLAMATION MARK SYMBOL,Dingbats
ğŸ‘«,ğŸ‘«,0x1f46b,197.0,0.664,0.22,0.305,0.475,0.255,    ,MAN AND WOMAN HOLDING HANDS,Miscellaneous Symbols and Pictographs
ğŸ†,ğŸ†,0x1f3c6,194.0,0.706,0.036,0.203,0.761,0.726,    ,TROPHY,Miscellaneous Symbols and Pictographs
âœ–,âœ–,0x2716,193.0,0.515,0.046,0.597,0.357,0.311,    ,HEAVY MULTIPLICATION X,Dingbats
â˜,â˜,0x261d,191.0,0.76,0.144,0.402,0.454,0.309,    ,WHITE UP POINTING INDEX,Miscellaneous Symbols
ğŸ˜™,ğŸ˜™,0x1f619,191.0,0.876,0.021,0.18,0.799,0.778,    ,KISSING FACE WITH SMILING EYES,Emoticons
â›„,â›„,0x26c4,191.0,0.739,0.077,0.325,0.598,0.521,    ,SNOWMAN WITHOUT SNOW,Miscellaneous Symbols
ğŸ‘…,ğŸ‘…,0x1f445,190.0,0.738,0.124,0.29,0.585,0.461,    ,TONGUE,Miscellaneous Symbols and Pictographs
â™ª,â™ª,0x266a,190.0,0.696,0.083,0.301,0.617,0.534,    ,EIGHTH NOTE,Miscellaneous Symbols
ğŸ‚,ğŸ‚,0x1f342,189.0,0.635,0.036,0.38,0.583,0.547,    ,FALLEN LEAF,Miscellaneous Symbols and Pictographs
ğŸ’,ğŸ’,0x1f48f,185.0,0.729,0.181,0.25,0.569,0.388,    ,KISS,Miscellaneous Symbols and Pictographs
ğŸ”ª,ğŸ”ª,0x1f52a,183.0,0.764,0.21,0.511,0.28,0.07,    ,HOCHO,Miscellaneous Symbols and Pictographs
ğŸŒ´,ğŸŒ´,0x1f334,178.0,0.676,0.077,0.32,0.602,0.525,    ,PALM TREE,Miscellaneous Symbols and Pictographs
ğŸ‘ˆ,ğŸ‘ˆ,0x1f448,174.0,0.701,0.085,0.407,0.508,0.424,    ,WHITE LEFT POINTING BACKHAND INDEX,Miscellaneous Symbols and Pictographs
ğŸŒ¹,ğŸŒ¹,0x1f339,172.0,0.664,0.023,0.354,0.623,0.6,    ,ROSE,Miscellaneous Symbols and Pictographs
ğŸ™†,ğŸ™†,0x1f646,171.0,0.84,0.092,0.316,0.592,0.5,    ,FACE WITH OK GESTURE,Emoticons
âœ,âœ,0x279c,170.0,0.559,0.052,0.734,0.214,0.162,    ,HEAVY ROUND-TIPPED RIGHTWARDS ARROW,Dingbats
ğŸ‘»,ğŸ‘»,0x1f47b,168.0,0.741,0.17,0.433,0.398,0.228,    ,GHOST,Miscellaneous Symbols and Pictographs
ğŸ’°,ğŸ’°,0x1f4b0,168.0,0.827,0.158,0.433,0.409,0.251,    ,MONEY BAG,Miscellaneous Symbols and Pictographs
ğŸ»,ğŸ»,0x1f37b,165.0,0.745,0.107,0.274,0.619,0.512,    ,CLINKING BEER MUGS,Miscellaneous Symbols and Pictographs
ğŸ™…,ğŸ™…,0x1f645,165.0,0.839,0.458,0.286,0.256,-0.202,    ,FACE WITH NO GOOD GESTURE,Emoticons
ğŸŒ,ğŸŒ,0x1f31e,162.0,0.709,0.024,0.394,0.582,0.558,    ,SUN WITH FACE,Miscellaneous Symbols and Pictographs
ğŸ,ğŸ,0x1f341,161.0,0.624,0.037,0.445,0.518,0.482,    ,MAPLE LEAF,Miscellaneous Symbols and Pictographs
â­,â­,0x2b50,159.0,0.601,0.037,0.346,0.617,0.58,    ,WHITE MEDIUM STAR,Miscellaneous Symbols and Arrows
â–ª,â–ª,0x25aa,159.0,0.145,0.099,0.605,0.296,0.198,    ,BLACK SMALL SQUARE,Geometric Shapes
ğŸ€,ğŸ€,0x1f380,156.0,0.652,0.044,0.283,0.673,0.629,    ,RIBBON,Miscellaneous Symbols and Pictographs
â”,â”,0x2501,156.0,0.54,0.094,0.635,0.27,0.176,    ,BOX DRAWINGS HEAVY HORIZONTAL,Box Drawing
â˜·,â˜·,0x2637,154.0,0.012,0.019,0.898,0.083,0.064,    ,TRIGRAM FOR EARTH,Miscellaneous Symbols
ğŸ·,ğŸ·,0x1f437,152.0,0.603,0.077,0.477,0.445,0.368,    ,PIG FACE,Miscellaneous Symbols and Pictographs
ğŸ™‰,ğŸ™‰,0x1f649,150.0,0.758,0.176,0.314,0.51,0.333,    ,HEAR-NO-EVIL MONKEY,Emoticons
ğŸŒº,ğŸŒº,0x1f33a,150.0,0.629,0.02,0.412,0.569,0.549,    ,HIBISCUS,Miscellaneous Symbols and Pictographs
ğŸ’…,ğŸ’…,0x1f485,149.0,0.756,0.184,0.243,0.572,0.388,    ,NAIL POLISH,Miscellaneous Symbols and Pictographs
ğŸ¶,ğŸ¶,0x1f436,148.0,0.654,0.086,0.252,0.662,0.576,    ,DOG FACE,Miscellaneous Symbols and Pictographs
ğŸŒš,ğŸŒš,0x1f31a,148.0,0.76,0.159,0.219,0.623,0.464,    ,NEW MOON WITH FACE,Miscellaneous Symbols and Pictographs
ğŸ‘½,ğŸ‘½,0x1f47d,146.0,0.612,0.094,0.497,0.409,0.315,    ,EXTRATERRESTRIAL ALIEN,Miscellaneous Symbols and Pictographs
ğŸ¤,ğŸ¤,0x1f3a4,144.0,0.671,0.122,0.279,0.599,0.476,    ,MICROPHONE,Miscellaneous Symbols and Pictographs
ğŸ‘­,ğŸ‘­,0x1f46d,144.0,0.667,0.143,0.252,0.605,0.463,    ,TWO WOMEN HOLDING HANDS,Miscellaneous Symbols and Pictographs
ğŸ§,ğŸ§,0x1f3a7,142.0,0.843,0.131,0.324,0.545,0.414,    ,HEADPHONE,Miscellaneous Symbols and Pictographs
ğŸ‘†,ğŸ‘†,0x1f446,138.0,0.787,0.121,0.433,0.447,0.326,    ,WHITE UP POINTING BACKHAND INDEX,Miscellaneous Symbols and Pictographs
ğŸ¸,ğŸ¸,0x1f378,138.0,0.663,0.092,0.277,0.631,0.539,    ,COCKTAIL GLASS,Miscellaneous Symbols and Pictographs
ğŸ·,ğŸ·,0x1f377,137.0,0.604,0.057,0.493,0.45,0.393,    ,WINE GLASS,Miscellaneous Symbols and Pictographs
Â®,Â®,0xae,137.0,0.353,0.071,0.579,0.35,0.279,    ,REGISTERED SIGN,Latin-1 Supplement
ğŸ‰,ğŸ‰,0x1f349,136.0,0.648,0.079,0.245,0.676,0.597,    ,WATERMELON,Miscellaneous Symbols and Pictographs
ğŸ˜‡,ğŸ˜‡,0x1f607,135.0,0.782,0.072,0.268,0.659,0.587,    ,SMILING FACE WITH HALO,Emoticons
â˜‘,â˜‘,0x2611,135.0,0.69,0.022,0.855,0.123,0.101,    ,BALLOT BOX WITH CHECK,Miscellaneous Symbols
ğŸƒ,ğŸƒ,0x1f3c3,135.0,0.735,0.094,0.406,0.5,0.406,    ,RUNNER,Miscellaneous Symbols and Pictographs
ğŸ˜¿,ğŸ˜¿,0x1f63f,134.0,0.812,0.577,0.219,0.204,-0.372,    ,CRYING CAT FACE,Emoticons
â”‚,â”‚,0x2502,134.0,0.483,0.007,0.642,0.35,0.343,    ,BOX DRAWINGS LIGHT VERTICAL,Box Drawing
ğŸ’£,ğŸ’£,0x1f4a3,131.0,0.847,0.306,0.381,0.313,0.007,    ,BOMB,Miscellaneous Symbols and Pictographs
ğŸº,ğŸº,0x1f37a,131.0,0.682,0.067,0.373,0.56,0.493,    ,BEER MUG,Miscellaneous Symbols and Pictographs
â–¶,â–¶,0x25b6,131.0,0.498,0.06,0.672,0.269,0.209,    ,BLACK RIGHT-POINTING TRIANGLE,Geometric Shapes
ğŸ˜²,ğŸ˜²,0x1f632,129.0,0.854,0.386,0.295,0.318,-0.068,    ,ASTONISHED FACE,Emoticons
ğŸ¸,ğŸ¸,0x1f3b8,125.0,0.605,0.016,0.453,0.531,0.516,    ,GUITAR,Miscellaneous Symbols and Pictographs
ğŸ¹,ğŸ¹,0x1f379,123.0,0.764,0.048,0.246,0.706,0.659,    ,TROPICAL DRINK,Miscellaneous Symbols and Pictographs
ğŸ’«,ğŸ’«,0x1f4ab,121.0,0.614,0.04,0.419,0.54,0.5,    ,DIZZY SYMBOL,Miscellaneous Symbols and Pictographs
ğŸ“š,ğŸ“š,0x1f4da,119.0,0.692,0.189,0.287,0.525,0.336,    ,BOOKS,Miscellaneous Symbols and Pictographs
ğŸ˜¶,ğŸ˜¶,0x1f636,117.0,0.869,0.425,0.292,0.283,-0.142,    ,FACE WITHOUT MOUTH,Emoticons
ğŸŒ·,ğŸŒ·,0x1f337,116.0,0.623,0.008,0.445,0.546,0.538,    ,TULIP,Miscellaneous Symbols and Pictographs
ğŸ’,ğŸ’,0x1f49d,115.0,0.774,0.076,0.203,0.72,0.644,    ,HEART WITH RIBBON,Miscellaneous Symbols and Pictographs
ğŸ’¨,ğŸ’¨,0x1f4a8,115.0,0.711,0.11,0.398,0.492,0.381,    ,DASH SYMBOL,Miscellaneous Symbols and Pictographs
ğŸˆ,ğŸˆ,0x1f3c8,114.0,0.823,0.068,0.333,0.598,0.53,    ,AMERICAN FOOTBALL,Miscellaneous Symbols and Pictographs
ğŸ’,ğŸ’,0x1f48d,112.0,0.808,0.148,0.226,0.626,0.478,    ,RING,Miscellaneous Symbols and Pictographs
â˜”,â˜”,0x2614,111.0,0.687,0.193,0.325,0.482,0.289,    ,UMBRELLA WITH RAIN DROPS,Miscellaneous Symbols
ğŸ‘¸,ğŸ‘¸,0x1f478,111.0,0.654,0.061,0.272,0.667,0.605,    ,PRINCESS,Miscellaneous Symbols and Pictographs
ğŸ‡ª,ğŸ‡ª,0x1f1ea,109.0,0.699,0.027,0.33,0.643,0.616,    ,REGIONAL INDICATOR SYMBOL LETTER E,Enclosed Alphanumeric Supplement
â–‘,â–‘,0x2591,108.0,0.439,0.234,0.577,0.189,-0.045,    ,LIGHT SHADE,Block Elements
ğŸ©,ğŸ©,0x1f369,107.0,0.709,0.145,0.327,0.527,0.382,    ,DOUGHNUT,Miscellaneous Symbols and Pictographs
ğŸ‘¾,ğŸ‘¾,0x1f47e,105.0,0.552,0.019,0.602,0.38,0.361,    ,ALIEN MONSTER,Miscellaneous Symbols and Pictographs
â˜,â˜,0x2601,104.0,0.596,0.14,0.411,0.449,0.308,    ,CLOUD,Miscellaneous Symbols
ğŸŒ»,ğŸŒ»,0x1f33b,104.0,0.607,0.019,0.393,0.589,0.57,    ,SUNFLOWER,Miscellaneous Symbols and Pictographs
ğŸ˜µ,ğŸ˜µ,0x1f635,103.0,0.809,0.321,0.274,0.406,0.085,    ,DIZZY FACE,Emoticons
ğŸ“’,ğŸ“’,0x1f4d2,102.0,0.474,0.01,0.943,0.048,0.038,    ,LEDGER,Miscellaneous Symbols and Pictographs
â†¿,â†¿,0x21bf,102.0,0.711,0.01,0.333,0.657,0.648,    ,UPWARDS HARPOON WITH BARB LEFTWARDS,Arrows
ğŸ¯,ğŸ¯,0x1f42f,100.0,0.55,0.049,0.427,0.524,0.476,    ,TIGER FACE,Miscellaneous Symbols and Pictographs
ğŸ‘¼,ğŸ‘¼,0x1f47c,99.0,0.683,0.176,0.314,0.51,0.333,    ,BABY ANGEL,Miscellaneous Symbols and Pictographs
ğŸ”,ğŸ”,0x1f354,98.0,0.637,0.168,0.386,0.446,0.277,    ,HAMBURGER,Miscellaneous Symbols and Pictographs
ğŸ˜¸,ğŸ˜¸,0x1f638,97.0,0.782,0.12,0.35,0.53,0.41,    ,GRINNING CAT FACE WITH SMILING EYES,Emoticons
ğŸ‘¶,ğŸ‘¶,0x1f476,96.0,0.745,0.141,0.283,0.576,0.434,    ,BABY,Miscellaneous Symbols and Pictographs
â†¾,â†¾,0x21be,96.0,0.707,0.01,0.333,0.657,0.646,    ,UPWARDS HARPOON WITH BARB RIGHTWARDS,Arrows
ğŸ’,ğŸ’,0x1f490,95.0,0.728,0.041,0.184,0.776,0.735,    ,BOUQUET,Miscellaneous Symbols and Pictographs
ğŸŒŠ,ğŸŒŠ,0x1f30a,95.0,0.78,0.092,0.316,0.592,0.5,    ,WATER WAVE,Miscellaneous Symbols and Pictographs
ğŸ¦,ğŸ¦,0x1f366,95.0,0.63,0.143,0.255,0.602,0.459,    ,SOFT ICE CREAM,Miscellaneous Symbols and Pictographs
ğŸ“,ğŸ“,0x1f353,94.0,0.689,0.041,0.247,0.711,0.67,    ,STRAWBERRY,Miscellaneous Symbols and Pictographs
ğŸ‘‡,ğŸ‘‡,0x1f447,94.0,0.557,0.144,0.464,0.392,0.247,    ,WHITE DOWN POINTING BACKHAND INDEX,Miscellaneous Symbols and Pictographs
ğŸ’†,ğŸ’†,0x1f486,92.0,0.814,0.263,0.253,0.484,0.221,    ,FACE MASSAGE,Miscellaneous Symbols and Pictographs
ğŸ´,ğŸ´,0x1f374,92.0,0.58,0.053,0.358,0.589,0.537,    ,FORK AND KNIFE,Miscellaneous Symbols and Pictographs
ğŸ˜§,ğŸ˜§,0x1f627,92.0,0.775,0.389,0.284,0.326,-0.063,    ,ANGUISHED FACE,Emoticons
ğŸ‡¸,ğŸ‡¸,0x1f1f8,91.0,0.655,0.096,0.298,0.606,0.511,    ,REGIONAL INDICATOR SYMBOL LETTER S,Enclosed Alphanumeric Supplement
ğŸ˜®,ğŸ˜®,0x1f62e,90.0,0.774,0.183,0.366,0.452,0.269,    ,FACE WITH OPEN MOUTH,Emoticons
â–“,â–“,0x2593,90.0,0.658,0.032,0.925,0.043,0.011,    ,DARK SHADE,Block Elements
ğŸš«,ğŸš«,0x1f6ab,88.0,0.703,0.538,0.363,0.099,-0.44,    ,NO ENTRY SIGN,Transport and Map Symbols
ğŸ˜½,ğŸ˜½,0x1f63d,88.0,0.754,0.132,0.165,0.703,0.571,    ,KISSING CAT FACE WITH CLOSED EYES,Emoticons
ğŸŒˆ,ğŸŒˆ,0x1f308,88.0,0.672,0.066,0.352,0.582,0.516,    ,RAINBOW,Miscellaneous Symbols and Pictographs
ğŸ™€,ğŸ™€,0x1f640,88.0,0.791,0.165,0.341,0.495,0.33,    ,WEARY CAT FACE,Emoticons
âš ,âš ,0x26a0,88.0,0.489,0.187,0.692,0.121,-0.066,    ,WARNING SIGN,Miscellaneous Symbols
ğŸ®,ğŸ®,0x1f3ae,86.0,0.467,0.101,0.371,0.528,0.427,    ,VIDEO GAME,Miscellaneous Symbols and Pictographs
â•¯,â•¯,0x256f,84.0,0.507,0.23,0.552,0.218,-0.011,    ,BOX DRAWINGS LIGHT ARC UP AND LEFT,Box Drawing
ğŸ†,ğŸ†,0x1f346,84.0,0.719,0.08,0.437,0.483,0.402,    ,AUBERGINE,Miscellaneous Symbols and Pictographs
ğŸ°,ğŸ°,0x1f370,84.0,0.783,0.161,0.23,0.609,0.448,    ,SHORTCAKE,Miscellaneous Symbols and Pictographs
âœ“,âœ“,0x2713,84.0,0.628,0.115,0.483,0.402,0.287,    ,CHECK MARK,Dingbats
ğŸ‘,ğŸ‘,0x1f450,83.0,0.876,0.395,0.233,0.372,-0.023,    ,OPEN HANDS SIGN,Miscellaneous Symbols and Pictographs
ğŸ™‡,ğŸ™‡,0x1f647,83.0,0.794,0.291,0.279,0.43,0.14,    ,PERSON BOWING DEEPLY,Emoticons
ğŸŸ,ğŸŸ,0x1f35f,83.0,0.65,0.174,0.349,0.477,0.302,    ,FRENCH FRIES,Miscellaneous Symbols and Pictographs
ğŸŒ,ğŸŒ,0x1f34c,82.0,0.541,0.129,0.306,0.565,0.435,    ,BANANA,Miscellaneous Symbols and Pictographs
ğŸ’‘,ğŸ’‘,0x1f491,82.0,0.683,0.071,0.2,0.729,0.659,    ,COUPLE WITH HEART,Miscellaneous Symbols and Pictographs
ğŸ‘¬,ğŸ‘¬,0x1f46c,82.0,0.622,0.353,0.353,0.294,-0.059,    ,TWO MEN HOLDING HANDS,Miscellaneous Symbols and Pictographs
ğŸ£,ğŸ£,0x1f423,81.0,0.776,0.155,0.214,0.631,0.476,    ,HATCHING CHICK,Miscellaneous Symbols and Pictographs
ğŸƒ,ğŸƒ,0x1f383,81.0,0.724,0.083,0.238,0.679,0.595,    ,JACK-O-LANTERN,Miscellaneous Symbols and Pictographs
â–¬,â–¬,0x25ac,81.0,0.335,0.012,0.512,0.476,0.464,    ,BLACK RECTANGLE,Geometric Shapes
ï¿¼,ï¿¼,0xfffc,81.0,0.309,0.536,0.405,0.06,-0.476,    ,OBJECT REPLACEMENT CHARACTER,Specials
ğŸ˜Ÿ,ğŸ˜Ÿ,0x1f61f,80.0,0.824,0.349,0.229,0.422,0.072,    ,WORRIED FACE,Emoticons
ğŸ¾,ğŸ¾,0x1f43e,78.0,0.739,0.111,0.173,0.716,0.605,    ,PAW PRINTS,Miscellaneous Symbols and Pictographs
ğŸ“,ğŸ“,0x1f393,77.0,0.647,0.1,0.238,0.663,0.563,    ,GRADUATION CAP,Miscellaneous Symbols and Pictographs
ğŸŠ,ğŸŠ,0x1f3ca,77.0,0.653,0.038,0.35,0.613,0.575,    ,SWIMMER,Miscellaneous Symbols and Pictographs
ğŸ«,ğŸ«,0x1f36b,76.0,0.793,0.291,0.266,0.443,0.152,    ,CHOCOLATE BAR,Miscellaneous Symbols and Pictographs
ğŸ“·,ğŸ“·,0x1f4f7,76.0,0.49,0.101,0.367,0.532,0.43,    ,CAMERA,Miscellaneous Symbols and Pictographs
ğŸ‘„,ğŸ‘„,0x1f444,75.0,0.592,0.077,0.372,0.551,0.474,    ,MOUTH,Miscellaneous Symbols and Pictographs
ğŸŒ¼,ğŸŒ¼,0x1f33c,74.0,0.604,0.026,0.169,0.805,0.779,    ,BLOSSOM,Miscellaneous Symbols and Pictographs
ğŸš¶,ğŸš¶,0x1f6b6,74.0,0.797,0.377,0.39,0.234,-0.143,    ,PEDESTRIAN,Transport and Map Symbols
ğŸ±,ğŸ±,0x1f431,73.0,0.544,0.145,0.197,0.658,0.513,    ,CAT FACE,Miscellaneous Symbols and Pictographs
â•‘,â•‘,0x2551,73.0,0.568,0.013,0.829,0.158,0.145,    ,BOX DRAWINGS DOUBLE VERTICAL,Box Drawing
ğŸ¸,ğŸ¸,0x1f438,72.0,0.846,0.333,0.413,0.253,-0.08,    ,FROG FACE,Miscellaneous Symbols and Pictographs
ğŸ‡º,ğŸ‡º,0x1f1fa,71.0,0.683,0.122,0.216,0.662,0.541,    ,REGIONAL INDICATOR SYMBOL LETTER U,Enclosed Alphanumeric Supplement
ğŸ‘¿,ğŸ‘¿,0x1f47f,70.0,0.911,0.658,0.219,0.123,-0.534,    ,IMP,Miscellaneous Symbols and Pictographs
ğŸš¬,ğŸš¬,0x1f6ac,70.0,0.805,0.123,0.233,0.644,0.521,    ,SMOKING SYMBOL,Transport and Map Symbols
âœ¿,âœ¿,0x273f,70.0,0.499,0.041,0.534,0.425,0.384,    ,BLACK FLORETTE,Dingbats
ğŸ“–,ğŸ“–,0x1f4d6,68.0,0.71,0.268,0.296,0.437,0.169,    ,OPEN BOOK,Miscellaneous Symbols and Pictographs
ğŸ’,ğŸ’,0x1f412,68.0,0.64,0.028,0.423,0.549,0.521,    ,MONKEY,Miscellaneous Symbols and Pictographs
ğŸŒ,ğŸŒ,0x1f30d,68.0,0.624,0.085,0.239,0.676,0.592,    ,EARTH GLOBE EUROPE-AFRICA,Miscellaneous Symbols and Pictographs
â”Š,â”Š,0x250a,68.0,0.682,0.014,0.014,0.972,0.958,    ,BOX DRAWINGS LIGHT QUADRUPLE DASH VERTICAL,Box Drawing
ğŸ¥,ğŸ¥,0x1f425,67.0,0.78,0.071,0.271,0.657,0.586,    ,FRONT-FACING BABY CHICK,Miscellaneous Symbols and Pictographs
ğŸŒ€,ğŸŒ€,0x1f300,66.0,0.553,0.159,0.58,0.261,0.101,    ,CYCLONE,Miscellaneous Symbols and Pictographs
ğŸ¼,ğŸ¼,0x1f43c,66.0,0.614,0.072,0.594,0.333,0.261,    ,PANDA FACE,Miscellaneous Symbols and Pictographs
ğŸ¥,ğŸ¥,0x1f3a5,66.0,0.676,0.13,0.449,0.42,0.29,    ,MOVIE CAMERA,Miscellaneous Symbols and Pictographs
ğŸ’„,ğŸ’„,0x1f484,66.0,0.637,0.101,0.362,0.536,0.435,    ,LIPSTICK,Miscellaneous Symbols and Pictographs
ğŸ’¸,ğŸ’¸,0x1f4b8,66.0,0.79,0.246,0.348,0.406,0.159,    ,MONEY WITH WINGS,Miscellaneous Symbols and Pictographs
â›”,â›”,0x26d4,65.0,0.406,0.088,0.338,0.574,0.485,    ,NO ENTRY,Miscellaneous Symbols
â—,â—,0x25cf,65.0,0.561,0.132,0.559,0.309,0.176,    ,BLACK CIRCLE,Geometric Shapes
ğŸ€,ğŸ€,0x1f3c0,64.0,0.807,0.209,0.328,0.463,0.254,    ,BASKETBALL AND HOOP,Miscellaneous Symbols and Pictographs
ğŸ’‰,ğŸ’‰,0x1f489,64.0,0.75,0.179,0.284,0.537,0.358,    ,SYRINGE,Miscellaneous Symbols and Pictographs
ğŸ’Ÿ,ğŸ’Ÿ,0x1f49f,63.0,0.788,0.061,0.197,0.742,0.682,    ,HEART DECORATION,Miscellaneous Symbols and Pictographs
ğŸš—,ğŸš—,0x1f697,62.0,0.638,0.138,0.492,0.369,0.231,    ,AUTOMOBILE,Transport and Map Symbols
ğŸ˜¯,ğŸ˜¯,0x1f62f,62.0,0.859,0.262,0.354,0.385,0.123,    ,HUSHED FACE,Emoticons
ğŸ“,ğŸ“,0x1f4dd,62.0,0.795,0.138,0.492,0.369,0.231,    ,MEMO,Miscellaneous Symbols and Pictographs
â•,â•,0x2550,62.0,0.441,0.015,0.954,0.031,0.015,    ,BOX DRAWINGS DOUBLE HORIZONTAL,Box Drawing
â™¦,â™¦,0x2666,61.0,0.562,0.109,0.328,0.563,0.453,    ,BLACK DIAMOND SUIT,Miscellaneous Symbols
ğŸ’­,ğŸ’­,0x1f4ad,60.0,0.688,0.175,0.444,0.381,0.206,    ,THOUGHT BALLOON,Miscellaneous Symbols and Pictographs
ğŸŒ™,ğŸŒ™,0x1f319,58.0,0.669,0.066,0.279,0.656,0.59,    ,CRESCENT MOON,Miscellaneous Symbols and Pictographs
ğŸŸ,ğŸŸ,0x1f41f,58.0,0.677,0.049,0.213,0.738,0.689,    ,FISH,Miscellaneous Symbols and Pictographs
ğŸ‘£,ğŸ‘£,0x1f463,58.0,0.639,0.115,0.426,0.459,0.344,    ,FOOTPRINTS,Miscellaneous Symbols and Pictographs
â˜,â˜,0x261e,58.0,0.725,0.016,0.852,0.131,0.115,    ,WHITE RIGHT POINTING INDEX,Miscellaneous Symbols
âœ‚,âœ‚,0x2702,58.0,0.81,0.574,0.311,0.115,-0.459,    ,BLACK SCISSORS,Dingbats
ğŸ—¿,ğŸ—¿,0x1f5ff,58.0,0.942,0.098,0.361,0.541,0.443,    ,MOYAI,Miscellaneous Symbols and Pictographs
ğŸ,ğŸ,0x1f35d,57.0,0.564,0.283,0.317,0.4,0.117,    ,SPAGHETTI,Miscellaneous Symbols and Pictographs
ğŸ‘ª,ğŸ‘ª,0x1f46a,57.0,0.653,0.417,0.183,0.4,-0.017,    ,FAMILY,Miscellaneous Symbols and Pictographs
ğŸ­,ğŸ­,0x1f36d,57.0,0.633,0.167,0.367,0.467,0.3,    ,LOLLIPOP,Miscellaneous Symbols and Pictographs
ğŸŒƒ,ğŸŒƒ,0x1f303,56.0,0.748,0.068,0.475,0.458,0.39,    ,NIGHT WITH STARS,Miscellaneous Symbols and Pictographs
âŒ,âŒ,0x274c,56.0,0.613,0.254,0.22,0.525,0.271,    ,CROSS MARK,Dingbats
ğŸ°,ğŸ°,0x1f430,55.0,0.708,0.086,0.241,0.672,0.586,    ,RABBIT FACE,Miscellaneous Symbols and Pictographs
ğŸ’Š,ğŸ’Š,0x1f48a,55.0,0.675,0.155,0.259,0.586,0.431,    ,PILL,Miscellaneous Symbols and Pictographs
ğŸš¨,ğŸš¨,0x1f6a8,55.0,0.521,0.121,0.121,0.759,0.638,    ,POLICE CARS REVOLVING LIGHT,Transport and Map Symbols
ğŸ˜¦,ğŸ˜¦,0x1f626,54.0,0.882,0.544,0.281,0.175,-0.368,    ,FROWNING FACE WITH OPEN MOUTH,Emoticons
ğŸª,ğŸª,0x1f36a,54.0,0.737,0.193,0.298,0.509,0.316,    ,COOKIE,Miscellaneous Symbols and Pictographs
ğŸ£,ğŸ£,0x1f363,53.0,0.67,0.446,0.339,0.214,-0.232,    ,SUSHI,Miscellaneous Symbols and Pictographs
â•­,â•­,0x256d,53.0,0.49,0.071,0.696,0.232,0.161,    ,BOX DRAWINGS LIGHT ARC DOWN AND RIGHT,Box Drawing
âœ§,âœ§,0x2727,53.0,0.399,0.036,0.607,0.357,0.321,    ,WHITE FOUR POINTED STAR,Dingbats
ğŸ†,ğŸ†,0x1f386,52.0,0.799,0.055,0.182,0.764,0.709,    ,FIREWORKS,Miscellaneous Symbols and Pictographs
â•®,â•®,0x256e,52.0,0.423,0.109,0.655,0.236,0.127,    ,BOX DRAWINGS LIGHT ARC DOWN AND LEFT,Box Drawing
ğŸ,ğŸ,0x1f38e,51.0,0.417,0.019,0.056,0.926,0.907,    ,JAPANESE DOLLS,Miscellaneous Symbols and Pictographs
ğŸ‡©,ğŸ‡©,0x1f1e9,51.0,0.745,0.037,0.315,0.648,0.611,    ,REGIONAL INDICATOR SYMBOL LETTER D,Enclosed Alphanumeric Supplement
âœ…,âœ…,0x2705,51.0,0.673,0.074,0.444,0.481,0.407,    ,WHITE HEAVY CHECK MARK,Dingbats
ğŸ‘¹,ğŸ‘¹,0x1f479,49.0,0.701,0.269,0.404,0.327,0.058,    ,JAPANESE OGRE,Miscellaneous Symbols and Pictographs
ğŸ“±,ğŸ“±,0x1f4f1,49.0,0.72,0.096,0.5,0.404,0.308,    ,MOBILE PHONE,Miscellaneous Symbols and Pictographs
ğŸ™,ğŸ™,0x1f64d,49.0,0.845,0.577,0.173,0.25,-0.327,    ,PERSON FROWNING,Emoticons
ğŸ‘,ğŸ‘,0x1f351,49.0,0.739,0.25,0.25,0.5,0.25,    ,PEACH,Miscellaneous Symbols and Pictographs
ğŸ¼,ğŸ¼,0x1f3bc,49.0,0.636,0.058,0.558,0.385,0.327,    ,MUSICAL SCORE,Miscellaneous Symbols and Pictographs
ğŸ”Š,ğŸ”Š,0x1f50a,49.0,0.652,0.096,0.404,0.5,0.404,    ,SPEAKER WITH THREE SOUND WAVES,Miscellaneous Symbols and Pictographs
ğŸŒŒ,ğŸŒŒ,0x1f30c,47.0,0.751,0.12,0.24,0.64,0.52,    ,MILKY WAY,Miscellaneous Symbols and Pictographs
ğŸ,ğŸ,0x1f34e,47.0,0.751,0.14,0.4,0.46,0.32,    ,RED APPLE,Miscellaneous Symbols and Pictographs
ğŸ»,ğŸ»,0x1f43b,47.0,0.692,0.14,0.28,0.58,0.44,    ,BEAR FACE,Miscellaneous Symbols and Pictographs
â”€,â”€,0x2500,47.0,0.711,0.02,0.82,0.16,0.14,    ,BOX DRAWINGS LIGHT HORIZONTAL,Box Drawing
â•°,â•°,0x2570,47.0,0.51,0.16,0.74,0.1,-0.06,    ,BOX DRAWINGS LIGHT ARC UP AND RIGHT,Box Drawing
ğŸ’‡,ğŸ’‡,0x1f487,46.0,0.678,0.163,0.347,0.49,0.327,    ,HAIRCUT,Miscellaneous Symbols and Pictographs
â™¬,â™¬,0x266c,46.0,0.677,0.102,0.551,0.347,0.245,    ,BEAMED SIXTEENTH NOTES,Miscellaneous Symbols
â™š,â™š,0x265a,46.0,0.389,0.02,0.918,0.061,0.041,    ,BLACK CHESS KING,Miscellaneous Symbols
ğŸ”´,ğŸ”´,0x1f534,45.0,0.656,0.042,0.521,0.438,0.396,    ,LARGE RED CIRCLE,Miscellaneous Symbols and Pictographs
ğŸ±,ğŸ±,0x1f371,45.0,0.58,0.542,0.229,0.229,-0.313,    ,BENTO BOX,Miscellaneous Symbols and Pictographs
ğŸŠ,ğŸŠ,0x1f34a,45.0,0.697,0.146,0.292,0.563,0.417,    ,TANGERINE,Miscellaneous Symbols and Pictographs
ğŸ’,ğŸ’,0x1f352,45.0,0.619,0.146,0.396,0.458,0.313,    ,CHERRIES,Miscellaneous Symbols and Pictographs
ğŸ­,ğŸ­,0x1f42d,45.0,0.823,0.021,0.271,0.708,0.688,    ,MOUSE FACE,Miscellaneous Symbols and Pictographs
ğŸ‘Ÿ,ğŸ‘Ÿ,0x1f45f,45.0,0.562,0.125,0.333,0.542,0.417,    ,ATHLETIC SHOE,Miscellaneous Symbols and Pictographs
ğŸŒ,ğŸŒ,0x1f30e,44.0,0.743,0.128,0.426,0.447,0.319,    ,EARTH GLOBE AMERICAS,Miscellaneous Symbols and Pictographs
ğŸ,ğŸ,0x1f34d,44.0,0.583,0.17,0.191,0.638,0.468,    ,PINEAPPLE,Miscellaneous Symbols and Pictographs
ğŸ®,ğŸ®,0x1f42e,43.0,0.847,0.065,0.283,0.652,0.587,    ,COW FACE,Miscellaneous Symbols and Pictographs
ğŸ“²,ğŸ“²,0x1f4f2,43.0,0.598,0.174,0.413,0.413,0.239,    ,MOBILE PHONE WITH RIGHTWARDS ARROW AT LEFT,Miscellaneous Symbols and Pictographs
â˜¼,â˜¼,0x263c,43.0,0.461,0.065,0.674,0.261,0.196,    ,WHITE SUN WITH RAYS,Miscellaneous Symbols
ğŸŒ…,ğŸŒ…,0x1f305,42.0,0.604,0.156,0.333,0.511,0.356,    ,SUNRISE,Miscellaneous Symbols and Pictographs
ğŸ‡·,ğŸ‡·,0x1f1f7,42.0,0.716,0.044,0.244,0.711,0.667,    ,REGIONAL INDICATOR SYMBOL LETTER R,Enclosed Alphanumeric Supplement
ğŸ‘ ,ğŸ‘ ,0x1f460,42.0,0.637,0.156,0.333,0.511,0.356,    ,HIGH-HEELED SHOE,Miscellaneous Symbols and Pictographs
ğŸŒ½,ğŸŒ½,0x1f33d,42.0,0.649,0.133,0.289,0.578,0.444,    ,EAR OF MAIZE,Miscellaneous Symbols and Pictographs
ğŸ’§,ğŸ’§,0x1f4a7,41.0,0.768,0.477,0.205,0.318,-0.159,    ,DROPLET,Miscellaneous Symbols and Pictographs
â“,â“,0x2753,41.0,0.615,0.182,0.568,0.25,0.068,    ,BLACK QUESTION MARK ORNAMENT,Dingbats
ğŸ¬,ğŸ¬,0x1f36c,41.0,0.784,0.205,0.227,0.568,0.364,    ,CANDY,Miscellaneous Symbols and Pictographs
ğŸ˜º,ğŸ˜º,0x1f63a,40.0,0.826,0.209,0.186,0.605,0.395,    ,SMILING CAT FACE WITH OPEN MOUTH,Emoticons
ğŸ´,ğŸ´,0x1f434,40.0,0.796,0.209,0.512,0.279,0.07,    ,HORSE FACE,Miscellaneous Symbols and Pictographs
ğŸš€,ğŸš€,0x1f680,40.0,0.698,0.07,0.372,0.558,0.488,    ,ROCKET,Transport and Map Symbols
Â¦,Â¦,0xa6,40.0,0.402,0.186,0.047,0.767,0.581,    ,BROKEN BAR,Latin-1 Supplement
ğŸ’¢,ğŸ’¢,0x1f4a2,40.0,0.561,0.163,0.442,0.395,0.233,    ,ANGER SYMBOL,Miscellaneous Symbols and Pictographs
ğŸ¬,ğŸ¬,0x1f3ac,40.0,0.65,0.07,0.581,0.349,0.279,    ,CLAPPER BOARD,Miscellaneous Symbols and Pictographs
ğŸ§,ğŸ§,0x1f367,40.0,0.675,0.233,0.233,0.535,0.302,    ,SHAVED ICE,Miscellaneous Symbols and Pictographs
ğŸœ,ğŸœ,0x1f35c,40.0,0.578,0.233,0.14,0.628,0.395,    ,STEAMING BOWL,Miscellaneous Symbols and Pictographs
ğŸ,ğŸ,0x1f40f,40.0,0.976,0.07,0.302,0.628,0.558,    ,RAM,Miscellaneous Symbols and Pictographs
ğŸ˜,ğŸ˜,0x1f418,40.0,0.722,0.233,0.512,0.256,0.023,    ,ELEPHANT,Miscellaneous Symbols and Pictographs
ğŸ‘§,ğŸ‘§,0x1f467,40.0,0.649,0.256,0.349,0.395,0.14,    ,GIRL,Miscellaneous Symbols and Pictographs
â €,â €,0x2800,40.0,0.378,0.163,0.628,0.209,0.047,    ,BRAILLE PATTERN BLANK,Braille Patterns
ğŸ„,ğŸ„,0x1f3c4,39.0,0.773,0.071,0.333,0.595,0.524,    ,SURFER,Miscellaneous Symbols and Pictographs
â¤,â¤,0x27a4,39.0,0.382,0.024,0.643,0.333,0.31,    ,BLACK RIGHTWARDS ARROWHEAD,Dingbats
â¬†,â¬†,0x2b06,39.0,0.606,0.048,0.619,0.333,0.286,    ,UPWARDS BLACK ARROW,Miscellaneous Symbols and Arrows
ğŸ‹,ğŸ‹,0x1f34b,38.0,0.743,0.171,0.415,0.415,0.244,    ,LEMON,Miscellaneous Symbols and Pictographs
ğŸ†—,ğŸ†—,0x1f197,38.0,0.852,0.171,0.122,0.707,0.537,    ,SQUARED OK,Enclosed Alphanumeric Supplement
âšª,âšª,0x26aa,37.0,0.565,0.025,0.5,0.475,0.45,    ,MEDIUM WHITE CIRCLE,Miscellaneous Symbols
ğŸ“º,ğŸ“º,0x1f4fa,37.0,0.614,0.1,0.425,0.475,0.375,    ,TELEVISION,Miscellaneous Symbols and Pictographs
ğŸ…,ğŸ…,0x1f345,37.0,0.838,0.25,0.15,0.6,0.35,    ,TOMATO,Miscellaneous Symbols and Pictographs
â›…,â›…,0x26c5,37.0,0.616,0.125,0.3,0.575,0.45,    ,SUN BEHIND CLOUD,Miscellaneous Symbols
ğŸ¢,ğŸ¢,0x1f422,37.0,0.622,0.175,0.45,0.375,0.2,    ,TURTLE,Miscellaneous Symbols and Pictographs
ğŸ‘™,ğŸ‘™,0x1f459,37.0,0.697,0.1,0.3,0.6,0.5,    ,BIKINI,Miscellaneous Symbols and Pictographs
ğŸ¡,ğŸ¡,0x1f3e1,36.0,0.744,0.154,0.256,0.59,0.436,    ,HOUSE WITH GARDEN,Miscellaneous Symbols and Pictographs
ğŸŒ¾,ğŸŒ¾,0x1f33e,36.0,0.558,0.154,0.154,0.692,0.538,    ,EAR OF RICE,Miscellaneous Symbols and Pictographs
â—‰,â—‰,0x25c9,36.0,0.047,0.026,0.692,0.282,0.256,    ,FISHEYE,Geometric Shapes
âœ,âœ,0x270f,35.0,0.625,0.105,0.447,0.447,0.342,    ,PENCIL,Dingbats
ğŸ¬,ğŸ¬,0x1f42c,35.0,0.747,0.079,0.421,0.5,0.421,    ,DOLPHIN,Miscellaneous Symbols and Pictographs
ğŸ¤,ğŸ¤,0x1f364,35.0,0.513,0.184,0.579,0.237,0.053,    ,FRIED SHRIMP,Miscellaneous Symbols and Pictographs
ğŸ‡¹,ğŸ‡¹,0x1f1f9,35.0,0.584,0.026,0.368,0.605,0.579,    ,REGIONAL INDICATOR SYMBOL LETTER T,Enclosed Alphanumeric Supplement
â™£,â™£,0x2663,35.0,0.666,0.132,0.395,0.474,0.342,    ,BLACK CLUB SUIT,Miscellaneous Symbols
ğŸ,ğŸ,0x1f41d,35.0,0.735,0.158,0.474,0.368,0.211,    ,HONEYBEE,Miscellaneous Symbols and Pictographs
ğŸŒ,ğŸŒ,0x1f31d,34.0,0.718,0.162,0.486,0.351,0.189,    ,FULL MOON WITH FACE,Miscellaneous Symbols and Pictographs
ğŸ‡®,ğŸ‡®,0x1f1ee,34.0,0.576,0.027,0.351,0.622,0.595,    ,REGIONAL INDICATOR SYMBOL LETTER I,Enclosed Alphanumeric Supplement
ğŸ”‹,ğŸ”‹,0x1f50b,34.0,0.583,0.622,0.243,0.135,-0.486,    ,BATTERY,Miscellaneous Symbols and Pictographs
ğŸ,ğŸ,0x1f40d,34.0,0.623,0.108,0.432,0.459,0.351,    ,SNAKE,Miscellaneous Symbols and Pictographs
â™”,â™”,0x2654,34.0,0.589,0.027,0.405,0.568,0.541,    ,WHITE CHESS KING,Miscellaneous Symbols
ğŸ³,ğŸ³,0x1f373,33.0,0.798,0.389,0.194,0.417,0.028,    ,COOKING,Miscellaneous Symbols and Pictographs
ğŸ”µ,ğŸ”µ,0x1f535,33.0,0.681,0.139,0.417,0.444,0.306,    ,LARGE BLUE CIRCLE,Miscellaneous Symbols and Pictographs
ğŸ˜¾,ğŸ˜¾,0x1f63e,33.0,0.915,0.583,0.167,0.25,-0.333,    ,POUTING CAT FACE,Emoticons
ğŸŒ•,ğŸŒ•,0x1f315,33.0,0.642,0.111,0.222,0.667,0.556,    ,FULL MOON SYMBOL,Miscellaneous Symbols and Pictographs
ğŸ¨,ğŸ¨,0x1f428,33.0,0.696,0.139,0.278,0.583,0.444,    ,KOALA,Miscellaneous Symbols and Pictographs
ğŸ”,ğŸ”,0x1f510,33.0,0.845,0.194,0.278,0.528,0.333,    ,CLOSED LOCK WITH KEY,Miscellaneous Symbols and Pictographs
ğŸ’¿,ğŸ’¿,0x1f4bf,33.0,0.444,0.028,0.333,0.639,0.611,    ,OPTICAL DISC,Miscellaneous Symbols and Pictographs
â,â,0x2741,33.0,0.493,0.028,0.889,0.083,0.056,    ,EIGHT PETALLED OUTLINED BLACK FLORETTE,Dingbats
ğŸŒ³,ğŸŒ³,0x1f333,32.0,0.536,0.086,0.343,0.571,0.486,    ,DECIDUOUS TREE,Miscellaneous Symbols and Pictographs
ğŸ‘°,ğŸ‘°,0x1f470,32.0,0.787,0.114,0.286,0.6,0.486,    ,BRIDE WITH VEIL,Miscellaneous Symbols and Pictographs
â€,â€,0x2740,32.0,0.444,0.029,0.543,0.429,0.4,    ,WHITE FLORETTE,Dingbats
âš“,âš“,0x2693,32.0,0.593,0.086,0.257,0.657,0.571,    ,ANCHOR,Miscellaneous Symbols
ğŸš´,ğŸš´,0x1f6b4,32.0,0.573,0.029,0.286,0.686,0.657,    ,BICYCLIST,Transport and Map Symbols
â–€,â–€,0x2580,32.0,0.25,0.314,0.514,0.171,-0.143,    ,UPPER HALF BLOCK,Block Elements
ğŸ‘—,ğŸ‘—,0x1f457,31.0,0.703,0.176,0.412,0.412,0.235,    ,DRESS,Miscellaneous Symbols and Pictographs
â•,â•,0x2795,31.0,0.034,0.147,0.176,0.676,0.529,    ,HEAVY PLUS SIGN,Dingbats
ğŸ’¬,ğŸ’¬,0x1f4ac,30.0,0.635,0.152,0.333,0.515,0.364,    ,SPEECH BALLOON,Miscellaneous Symbols and Pictographs
â–’,â–’,0x2592,30.0,0.501,0.091,0.848,0.061,-0.03,    ,MEDIUM SHADE,Block Elements
ğŸ”œ,ğŸ”œ,0x1f51c,30.0,0.606,0.182,0.364,0.455,0.273,    ,SOON WITH RIGHTWARDS ARROW ABOVE,Miscellaneous Symbols and Pictographs
ğŸ¨,ğŸ¨,0x1f368,30.0,0.657,0.273,0.242,0.485,0.212,    ,ICE CREAM,Miscellaneous Symbols and Pictographs
ğŸ’²,ğŸ’²,0x1f4b2,30.0,0.794,0.03,0.697,0.273,0.242,    ,HEAVY DOLLAR SIGN,Miscellaneous Symbols and Pictographs
â›½,â›½,0x26fd,30.0,0.287,0.061,0.727,0.212,0.152,    ,FUEL PUMP,Miscellaneous Symbols
ğŸ™,ğŸ™,0x1f359,29.0,0.566,0.188,0.344,0.469,0.281,    ,RICE BALL,Miscellaneous Symbols and Pictographs
ğŸ—,ğŸ—,0x1f357,29.0,0.675,0.313,0.313,0.375,0.063,    ,POULTRY LEG,Miscellaneous Symbols and Pictographs
ğŸ²,ğŸ²,0x1f372,29.0,0.673,0.25,0.375,0.375,0.125,    ,POT OF FOOD,Miscellaneous Symbols and Pictographs
ğŸ¥,ğŸ¥,0x1f365,29.0,0.58,0.719,0.156,0.125,-0.594,    ,FISH CAKE WITH SWIRL DESIGN,Miscellaneous Symbols and Pictographs
â–¸,â–¸,0x25b8,29.0,0.517,0.031,0.719,0.25,0.219,    ,BLACK RIGHT-POINTING SMALL TRIANGLE,Geometric Shapes
â™›,â™›,0x265b,29.0,0.49,0.156,0.5,0.344,0.188,    ,BLACK CHESS QUEEN,Miscellaneous Symbols
ğŸ˜¼,ğŸ˜¼,0x1f63c,28.0,0.856,0.194,0.258,0.548,0.355,    ,CAT FACE WITH WRY SMILE,Emoticons
ğŸ™,ğŸ™,0x1f419,28.0,0.678,0.097,0.419,0.484,0.387,    ,OCTOPUS,Miscellaneous Symbols and Pictographs
ğŸ‘¨,ğŸ‘¨,0x1f468,28.0,0.694,0.097,0.29,0.613,0.516,    ,MAN,Miscellaneous Symbols and Pictographs
ğŸš,ğŸš,0x1f35a,28.0,0.637,0.226,0.097,0.677,0.452,    ,COOKED RICE,Miscellaneous Symbols and Pictographs
ğŸ–,ğŸ–,0x1f356,28.0,0.679,0.258,0.355,0.387,0.129,    ,MEAT ON BONE,Miscellaneous Symbols and Pictographs
â™¨,â™¨,0x2668,28.0,0.665,0.032,0.065,0.903,0.871,    ,HOT SPRINGS,Miscellaneous Symbols
ğŸ¹,ğŸ¹,0x1f3b9,28.0,0.466,0.032,0.581,0.387,0.355,    ,MUSICAL KEYBOARD,Miscellaneous Symbols and Pictographs
â™•,â™•,0x2655,28.0,0.621,0.032,0.548,0.419,0.387,    ,WHITE CHESS QUEEN,Miscellaneous Symbols
â–ƒ,â–ƒ,0x2583,28.0,0.373,0.032,0.032,0.935,0.903,    ,LOWER THREE EIGHTHS BLOCK,Block Elements
ğŸš˜,ğŸš˜,0x1f698,27.0,0.65,0.3,0.333,0.367,0.067,    ,ONCOMING AUTOMOBILE,Transport and Map Symbols
ğŸ,ğŸ,0x1f34f,27.0,0.852,0.267,0.4,0.333,0.067,    ,GREEN APPLE,Miscellaneous Symbols and Pictographs
ğŸ‘©,ğŸ‘©,0x1f469,27.0,0.732,0.333,0.267,0.4,0.067,    ,WOMAN,Miscellaneous Symbols and Pictographs
ğŸ‘¦,ğŸ‘¦,0x1f466,27.0,0.606,0.2,0.467,0.333,0.133,    ,BOY,Miscellaneous Symbols and Pictographs
ğŸ‡¬,ğŸ‡¬,0x1f1ec,27.0,0.582,0.1,0.533,0.367,0.267,    ,REGIONAL INDICATOR SYMBOL LETTER G,Enclosed Alphanumeric Supplement
ğŸ‡§,ğŸ‡§,0x1f1e7,27.0,0.595,0.1,0.533,0.367,0.267,    ,REGIONAL INDICATOR SYMBOL LETTER B,Enclosed Alphanumeric Supplement
â˜ ,â˜ ,0x2620,27.0,0.749,0.267,0.5,0.233,-0.033,    ,SKULL AND CROSSBONES,Miscellaneous Symbols
ğŸ ,ğŸ ,0x1f420,26.0,0.768,0.172,0.241,0.586,0.414,    ,TROPICAL FISH,Miscellaneous Symbols and Pictographs
ğŸš¹,ğŸš¹,0x1f6b9,26.0,0.812,0.069,0.172,0.759,0.69,    ,MENS SYMBOL,Transport and Map Symbols
ğŸ’µ,ğŸ’µ,0x1f4b5,26.0,0.807,0.138,0.345,0.517,0.379,    ,BANKNOTE WITH DOLLAR SIGN,Miscellaneous Symbols and Pictographs
âœ°,âœ°,0x2730,26.0,0.195,0.034,0.138,0.828,0.793,    ,SHADOWED WHITE STAR,Dingbats
â• ,â• ,0x2560,26.0,0.543,0.034,0.724,0.241,0.207,    ,BOX DRAWINGS DOUBLE VERTICAL AND RIGHT,Box Drawing
ğŸ‘›,ğŸ‘›,0x1f45b,25.0,0.696,0.179,0.286,0.536,0.357,    ,PURSE,Miscellaneous Symbols and Pictographs
ğŸš™,ğŸš™,0x1f699,25.0,0.653,0.214,0.536,0.25,0.036,    ,RECREATIONAL VEHICLE,Transport and Map Symbols
ğŸŒ±,ğŸŒ±,0x1f331,25.0,0.561,0.036,0.357,0.607,0.571,    ,SEEDLING,Miscellaneous Symbols and Pictographs
ğŸ’»,ğŸ’»,0x1f4bb,25.0,0.489,0.071,0.607,0.321,0.25,    ,PERSONAL COMPUTER,Miscellaneous Symbols and Pictographs
ğŸŒ,ğŸŒ,0x1f30f,25.0,0.681,0.143,0.393,0.464,0.321,    ,EARTH GLOBE ASIA-AUSTRALIA,Miscellaneous Symbols and Pictographs
â–„,â–„,0x2584,25.0,0.464,0.321,0.429,0.25,-0.071,    ,LOWER HALF BLOCK,Block Elements
ğŸ‘“,ğŸ‘“,0x1f453,24.0,0.514,0.037,0.63,0.333,0.296,    ,EYEGLASSES,Miscellaneous Symbols and Pictographs
â—„,â—„,0x25c4,24.0,0.672,0.037,0.704,0.259,0.222,    ,BLACK LEFT-POINTING POINTER,Geometric Shapes
âš¾,âš¾,0x26be,24.0,0.214,0.37,0.296,0.333,-0.037,    ,BASEBALL,Miscellaneous Symbols
ğŸŒ²,ğŸŒ²,0x1f332,23.0,0.496,0.115,0.385,0.5,0.385,    ,EVERGREEN TREE,Miscellaneous Symbols and Pictographs
ğŸ‘´,ğŸ‘´,0x1f474,23.0,0.784,0.231,0.308,0.462,0.231,    ,OLDER MAN,Miscellaneous Symbols and Pictographs
ğŸ ,ğŸ ,0x1f3e0,23.0,0.642,0.077,0.346,0.577,0.5,    ,HOUSE BUILDING,Miscellaneous Symbols and Pictographs
ğŸ‡,ğŸ‡,0x1f347,23.0,0.584,0.231,0.269,0.5,0.269,    ,GRAPES,Miscellaneous Symbols and Pictographs
ğŸ˜,ğŸ˜,0x1f358,23.0,0.621,0.231,0.154,0.615,0.385,    ,RICE CRACKER,Miscellaneous Symbols and Pictographs
ğŸ›,ğŸ›,0x1f35b,23.0,0.585,0.346,0.269,0.385,0.038,    ,CURRY AND RICE,Miscellaneous Symbols and Pictographs
ğŸ‡,ğŸ‡,0x1f407,23.0,0.967,0.192,0.385,0.423,0.231,    ,RABBIT,Miscellaneous Symbols and Pictographs
ğŸ”,ğŸ”,0x1f51e,23.0,0.814,0.269,0.5,0.231,-0.038,    ,NO ONE UNDER EIGHTEEN SYMBOL,Miscellaneous Symbols and Pictographs
ğŸ‘µ,ğŸ‘µ,0x1f475,23.0,0.818,0.231,0.115,0.654,0.423,    ,OLDER WOMAN,Miscellaneous Symbols and Pictographs
â—€,â—€,0x25c0,23.0,0.221,0.038,0.654,0.308,0.269,    ,BLACK LEFT-POINTING TRIANGLE,Geometric Shapes
ğŸ”™,ğŸ”™,0x1f519,23.0,0.144,0.115,0.577,0.308,0.192,    ,BACK WITH LEFTWARDS ARROW ABOVE,Miscellaneous Symbols and Pictographs
ğŸŒµ,ğŸŒµ,0x1f335,23.0,0.67,0.269,0.269,0.462,0.192,    ,CACTUS,Miscellaneous Symbols and Pictographs
ğŸ½,ğŸ½,0x1f43d,22.0,0.648,0.24,0.4,0.36,0.12,    ,PIG NOSE,Miscellaneous Symbols and Pictographs
ğŸ®,ğŸ®,0x1f36e,22.0,0.701,0.44,0.24,0.32,-0.12,    ,CUSTARD,Miscellaneous Symbols and Pictographs
ğŸ‡,ğŸ‡,0x1f387,22.0,0.821,0.08,0.16,0.76,0.68,    ,FIREWORK SPARKLER,Miscellaneous Symbols and Pictographs
ğŸ,ğŸ,0x1f40e,22.0,0.698,0.12,0.36,0.52,0.4,    ,HORSE,Miscellaneous Symbols and Pictographs
â”,â”,0x2794,22.0,0.541,0.16,0.8,0.04,-0.12,    ,HEAVY WIDE-HEADED RIGHTWARDS ARROW,Dingbats
ğŸ’¶,ğŸ’¶,0x1f4b6,22.0,0.748,0.16,0.68,0.16,0.0,    ,BANKNOTE WITH EURO SIGN,Miscellaneous Symbols and Pictographs
ğŸ¤,ğŸ¤,0x1f424,22.0,0.838,0.08,0.32,0.6,0.52,    ,BABY CHICK,Miscellaneous Symbols and Pictographs
â•©,â•©,0x2569,22.0,0.811,0.04,0.72,0.24,0.2,    ,BOX DRAWINGS DOUBLE UP AND HORIZONTAL,Box Drawing
ğŸ›€,ğŸ›€,0x1f6c0,21.0,0.904,0.292,0.292,0.417,0.125,    ,BATH,Transport and Map Symbols
ğŸŒ‘,ğŸŒ‘,0x1f311,21.0,0.604,0.125,0.292,0.583,0.458,    ,NEW MOON SYMBOL,Miscellaneous Symbols and Pictographs
ğŸš²,ğŸš²,0x1f6b2,21.0,0.583,0.083,0.458,0.458,0.375,    ,BICYCLE,Transport and Map Symbols
ğŸ‘,ğŸ‘,0x1f411,21.0,0.922,0.292,0.583,0.125,-0.167,    ,SHEEP,Miscellaneous Symbols and Pictographs
ğŸ,ğŸ,0x1f3c1,21.0,0.618,0.042,0.417,0.542,0.5,    ,CHEQUERED FLAG,Miscellaneous Symbols and Pictographs
ğŸ,ğŸ,0x1f35e,21.0,0.711,0.292,0.375,0.333,0.042,    ,BREAD,Miscellaneous Symbols and Pictographs
ğŸ¾,ğŸ¾,0x1f3be,21.0,0.82,0.125,0.208,0.667,0.542,    ,TENNIS RACQUET AND BALL,Miscellaneous Symbols and Pictographs
â•š,â•š,0x255a,21.0,0.714,0.042,0.625,0.333,0.292,    ,BOX DRAWINGS DOUBLE UP AND RIGHT,Box Drawing
ğŸˆ¹,ğŸˆ¹,0x1f239,21.0,0.35,0.083,0.542,0.375,0.292,    ,SQUARED CJK UNIFIED IDEOGRAPH-5272,Enclosed Ideographic Supplement
ğŸ³,ğŸ³,0x1f433,20.0,0.656,0.217,0.435,0.348,0.13,    ,SPOUTING WHALE,Miscellaneous Symbols and Pictographs
ğŸ‘®,ğŸ‘®,0x1f46e,20.0,0.742,0.478,0.391,0.13,-0.348,    ,POLICE OFFICER,Miscellaneous Symbols and Pictographs
â˜¹,â˜¹,0x2639,20.0,0.777,0.652,0.217,0.13,-0.522,    ,WHITE FROWNING FACE,Miscellaneous Symbols
ğŸµ,ğŸµ,0x1f435,20.0,0.631,0.087,0.348,0.565,0.478,    ,MONKEY FACE,Miscellaneous Symbols and Pictographs
âœª,âœª,0x272a,20.0,0.288,0.043,0.609,0.348,0.304,    ,CIRCLED WHITE STAR,Dingbats
â—•,â—•,0x25d5,20.0,0.594,0.043,0.478,0.478,0.435,    ,CIRCLE WITH ALL BUT UPPER LEFT QUADRANT BLACK,Geometric Shapes
ğŸ—¼,ğŸ—¼,0x1f5fc,20.0,0.654,0.087,0.304,0.609,0.522,    ,TOKYO TOWER,Miscellaneous Symbols and Pictographs
â–,â–,0x2590,20.0,0.304,0.217,0.696,0.087,-0.13,    ,RIGHT HALF BLOCK,Block Elements
â™ ,â™ ,0x2660,20.0,0.533,0.043,0.609,0.348,0.304,    ,BLACK SPADE SUIT,Miscellaneous Symbols
â”³,â”³,0x2533,20.0,0.399,0.478,0.391,0.13,-0.348,    ,BOX DRAWINGS HEAVY DOWN AND HORIZONTAL,Box Drawing
ğŸ‘º,ğŸ‘º,0x1f47a,19.0,0.825,0.409,0.364,0.227,-0.182,    ,JAPANESE GOBLIN,Miscellaneous Symbols and Pictographs
ğŸš,ğŸš,0x1f41a,19.0,0.526,0.091,0.591,0.318,0.227,    ,SPIRAL SHELL,Miscellaneous Symbols and Pictographs
ğŸ‘‚,ğŸ‘‚,0x1f442,19.0,0.682,0.364,0.409,0.227,-0.136,    ,EAR,Miscellaneous Symbols and Pictographs
ğŸ—½,ğŸ—½,0x1f5fd,19.0,0.651,0.091,0.5,0.409,0.318,    ,STATUE OF LIBERTY,Miscellaneous Symbols and Pictographs
ğŸµ,ğŸµ,0x1f375,19.0,0.65,0.182,0.273,0.545,0.364,    ,TEACUP WITHOUT HANDLE,Miscellaneous Symbols and Pictographs
ğŸ†’,ğŸ†’,0x1f192,19.0,0.628,0.045,0.545,0.409,0.364,    ,SQUARED COOL,Enclosed Alphanumeric Supplement
ğŸ¯,ğŸ¯,0x1f36f,19.0,0.78,0.364,0.227,0.409,0.045,    ,HONEY POT,Miscellaneous Symbols and Pictographs
ğŸº,ğŸº,0x1f43a,19.0,0.735,0.136,0.5,0.364,0.227,    ,WOLF FACE,Miscellaneous Symbols and Pictographs
â‡¨,â‡¨,0x21e8,19.0,0.541,0.045,0.455,0.5,0.455,    ,RIGHTWARDS WHITE ARROW,Arrows
â¨,â¨,0x27a8,19.0,0.558,0.136,0.591,0.273,0.136,    ,HEAVY CONCAVE-POINTED BLACK RIGHTWARDS ARROW,Dingbats
ğŸŒ“,ğŸŒ“,0x1f313,19.0,0.458,0.045,0.318,0.636,0.591,    ,FIRST QUARTER MOON SYMBOL,Miscellaneous Symbols and Pictographs
ğŸ”’,ğŸ”’,0x1f512,19.0,0.939,0.273,0.273,0.455,0.182,    ,LOCK,Miscellaneous Symbols and Pictographs
â•¬,â•¬,0x256c,19.0,0.322,0.318,0.5,0.182,-0.136,    ,BOX DRAWINGS DOUBLE VERTICAL AND HORIZONTAL,Box Drawing
ğŸ‘³,ğŸ‘³,0x1f473,18.0,0.816,0.143,0.095,0.762,0.619,    ,MAN WITH TURBAN,Miscellaneous Symbols and Pictographs
ğŸŒ‚,ğŸŒ‚,0x1f302,18.0,0.785,0.143,0.476,0.381,0.238,    ,CLOSED UMBRELLA,Miscellaneous Symbols and Pictographs
ğŸšŒ,ğŸšŒ,0x1f68c,18.0,0.636,0.143,0.524,0.333,0.19,    ,BUS,Transport and Map Symbols
â™©,â™©,0x2669,18.0,0.792,0.048,0.381,0.571,0.524,    ,QUARTER NOTE,Miscellaneous Symbols
ğŸ¡,ğŸ¡,0x1f361,18.0,0.7,0.286,0.476,0.238,-0.048,    ,DANGO,Miscellaneous Symbols and Pictographs
â¥,â¥,0x2765,18.0,0.44,0.048,0.667,0.286,0.238,    ,ROTATED HEAVY BLACK HEART BULLET,Dingbats
ğŸ¡,ğŸ¡,0x1f3a1,18.0,0.506,0.095,0.524,0.381,0.286,    ,FERRIS WHEEL,Miscellaneous Symbols and Pictographs
ğŸ’Œ,ğŸ’Œ,0x1f48c,17.0,0.805,0.15,0.2,0.65,0.5,    ,LOVE LETTER,Miscellaneous Symbols and Pictographs
ğŸ©,ğŸ©,0x1f429,17.0,0.87,0.05,0.55,0.4,0.35,    ,POODLE,Miscellaneous Symbols and Pictographs
ğŸŒœ,ğŸŒœ,0x1f31c,17.0,0.604,0.05,0.4,0.55,0.5,    ,LAST QUARTER MOON WITH FACE,Miscellaneous Symbols and Pictographs
âŒš,âŒš,0x231a,17.0,0.649,0.15,0.5,0.35,0.2,    ,WATCH,Miscellaneous Technical
ğŸš¿,ğŸš¿,0x1f6bf,17.0,0.669,0.1,0.2,0.7,0.6,    ,SHOWER,Transport and Map Symbols
ğŸ–,ğŸ–,0x1f416,17.0,0.814,0.05,0.75,0.2,0.15,    ,PIG,Miscellaneous Symbols and Pictographs
ğŸ”†,ğŸ”†,0x1f506,17.0,0.605,0.05,0.35,0.6,0.55,    ,HIGH BRIGHTNESS SYMBOL,Miscellaneous Symbols and Pictographs
ğŸŒ›,ğŸŒ›,0x1f31b,17.0,0.68,0.05,0.35,0.6,0.55,    ,FIRST QUARTER MOON WITH FACE,Miscellaneous Symbols and Pictographs
ğŸ’‚,ğŸ’‚,0x1f482,17.0,0.691,0.45,0.25,0.3,-0.15,    ,GUARDSMAN,Miscellaneous Symbols and Pictographs
ğŸ”,ğŸ”,0x1f414,17.0,0.627,0.1,0.5,0.4,0.3,    ,CHICKEN,Miscellaneous Symbols and Pictographs
ğŸ™,ğŸ™,0x1f64e,17.0,0.641,0.45,0.15,0.4,-0.05,    ,PERSON WITH POUTING FACE,Emoticons
ğŸ©,ğŸ©,0x1f3e9,16.0,0.587,0.158,0.263,0.579,0.421,    ,LOVE HOTEL,Miscellaneous Symbols and Pictographs
ğŸ‡«,ğŸ‡«,0x1f1eb,16.0,0.718,0.053,0.421,0.526,0.474,    ,REGIONAL INDICATOR SYMBOL LETTER F,Enclosed Alphanumeric Supplement
ğŸ”¨,ğŸ”¨,0x1f528,16.0,0.739,0.368,0.368,0.263,-0.105,    ,HAMMER,Miscellaneous Symbols and Pictographs
ğŸ“¢,ğŸ“¢,0x1f4e2,16.0,0.546,0.053,0.474,0.474,0.421,    ,PUBLIC ADDRESS LOUDSPEAKER,Miscellaneous Symbols and Pictographs
ğŸ¦,ğŸ¦,0x1f426,16.0,0.758,0.053,0.474,0.474,0.421,    ,BIRD,Miscellaneous Symbols and Pictographs
ğŸ²,ğŸ²,0x1f432,16.0,0.458,0.158,0.737,0.105,-0.053,    ,DRAGON FACE,Miscellaneous Symbols and Pictographs
â™»,â™»,0x267b,16.0,0.439,0.053,0.421,0.526,0.474,    ,BLACK UNIVERSAL RECYCLING SYMBOL,Miscellaneous Symbols
ğŸŒ˜,ğŸŒ˜,0x1f318,16.0,0.578,0.053,0.316,0.632,0.579,    ,WANING CRESCENT MOON SYMBOL,Miscellaneous Symbols and Pictographs
ğŸ,ğŸ,0x1f350,16.0,0.845,0.316,0.211,0.474,0.158,    ,PEAR,Miscellaneous Symbols and Pictographs
ğŸŒ”,ğŸŒ”,0x1f314,16.0,0.447,0.053,0.316,0.632,0.579,    ,WAXING GIBBOUS MOON SYMBOL,Miscellaneous Symbols and Pictographs
â•¥,â•¥,0x2565,16.0,0.869,0.368,0.158,0.474,0.105,    ,BOX DRAWINGS DOWN DOUBLE AND HORIZONTAL SINGLE,Box Drawing
âŠ,âŠ,0x274a,16.0,0.452,0.053,0.895,0.053,0.0,    ,EIGHT TEARDROP-SPOKED PROPELLER ASTERISK,Dingbats
ğŸ‘–,ğŸ‘–,0x1f456,15.0,0.91,0.111,0.444,0.444,0.333,    ,JEANS,Miscellaneous Symbols and Pictographs
ğŸšº,ğŸšº,0x1f6ba,15.0,0.677,0.167,0.5,0.333,0.167,    ,WOMENS SYMBOL,Transport and Map Symbols
ğŸ˜—,ğŸ˜—,0x1f617,15.0,0.714,0.111,0.167,0.722,0.611,    ,KISSING FACE,Emoticons
ğŸ­,ğŸ­,0x1f3ad,15.0,0.658,0.333,0.333,0.333,0.0,    ,PERFORMING ARTS,Miscellaneous Symbols and Pictographs
ğŸ„,ğŸ„,0x1f404,15.0,0.826,0.167,0.389,0.444,0.278,    ,COW,Miscellaneous Symbols and Pictographs
â—Ÿ,â—Ÿ,0x25df,15.0,0.647,0.167,0.722,0.111,-0.056,    ,LOWER LEFT QUADRANT CIRCULAR ARC,Geometric Shapes
ğŸ¢,ğŸ¢,0x1f362,15.0,0.684,0.333,0.444,0.222,-0.111,    ,ODEN,Miscellaneous Symbols and Pictographs
ğŸ¨,ğŸ¨,0x1f3a8,15.0,0.491,0.111,0.611,0.278,0.167,    ,ARTIST PALETTE,Miscellaneous Symbols and Pictographs
â¬‡,â¬‡,0x2b07,15.0,0.632,0.167,0.278,0.556,0.389,    ,DOWNWARDS BLACK ARROW,Miscellaneous Symbols and Arrows
ğŸš¼,ğŸš¼,0x1f6bc,15.0,0.693,0.056,0.333,0.611,0.556,    ,BABY SYMBOL,Transport and Map Symbols
â›²,â›²,0x26f2,15.0,0.697,0.111,0.722,0.167,0.056,    ,FOUNTAIN,Miscellaneous Symbols
â–,â–,0x2581,15.0,0.711,0.056,0.889,0.056,0.0,    ,LOWER ONE EIGHTH BLOCK,Block Elements
ğŸ‡´,ğŸ‡´,0x1f1f4,15.0,0.676,0.056,0.556,0.389,0.333,    ,REGIONAL INDICATOR SYMBOL LETTER O,Enclosed Alphanumeric Supplement
ğŸŒ—,ğŸŒ—,0x1f317,15.0,0.547,0.056,0.278,0.667,0.611,    ,LAST QUARTER MOON SYMBOL,Miscellaneous Symbols and Pictographs
ğŸŒ–,ğŸŒ–,0x1f316,15.0,0.535,0.056,0.278,0.667,0.611,    ,WANING GIBBOUS MOON SYMBOL,Miscellaneous Symbols and Pictographs
ğŸ”…,ğŸ”…,0x1f505,15.0,0.635,0.056,0.056,0.889,0.833,    ,LOW BRIGHTNESS SYMBOL,Miscellaneous Symbols and Pictographs
ğŸ‘œ,ğŸ‘œ,0x1f45c,14.0,0.675,0.176,0.412,0.412,0.235,    ,HANDBAG,Miscellaneous Symbols and Pictographs
ğŸŒ,ğŸŒ,0x1f40c,14.0,0.421,0.059,0.235,0.706,0.647,    ,SNAIL,Miscellaneous Symbols and Pictographs
ğŸ’¼,ğŸ’¼,0x1f4bc,14.0,0.573,0.118,0.235,0.647,0.529,    ,BRIEFCASE,Miscellaneous Symbols and Pictographs
ğŸš•,ğŸš•,0x1f695,14.0,0.526,0.235,0.529,0.235,0.0,    ,TAXI,Transport and Map Symbols
ğŸ¹,ğŸ¹,0x1f439,14.0,0.744,0.235,0.235,0.529,0.294,    ,HAMSTER FACE,Miscellaneous Symbols and Pictographs
ğŸŒ ,ğŸŒ ,0x1f320,14.0,0.761,0.176,0.118,0.706,0.529,    ,SHOOTING STAR,Miscellaneous Symbols and Pictographs
ğŸˆ,ğŸˆ,0x1f408,14.0,0.645,0.059,0.588,0.353,0.294,    ,CAT,Miscellaneous Symbols and Pictographs
â‡§,â‡§,0x21e7,14.0,0.461,0.059,0.765,0.176,0.118,    ,UPWARDS WHITE ARROW,Arrows
â˜,â˜,0x260e,14.0,0.837,0.176,0.647,0.176,0.0,    ,BLACK TELEPHONE,Miscellaneous Symbols
ğŸŒ,ğŸŒ,0x1f301,14.0,0.744,0.118,0.588,0.294,0.176,    ,FOGGY,Miscellaneous Symbols and Pictographs
âš«,âš«,0x26ab,14.0,0.441,0.235,0.294,0.471,0.235,    ,MEDIUM BLACK CIRCLE,Miscellaneous Symbols
â™§,â™§,0x2667,14.0,0.775,0.059,0.412,0.529,0.471,    ,WHITE CLUB SUIT,Miscellaneous Symbols
ğŸ°,ğŸ°,0x1f3f0,14.0,0.434,0.118,0.471,0.412,0.294,    ,EUROPEAN CASTLE,Miscellaneous Symbols and Pictographs
ğŸšµ,ğŸšµ,0x1f6b5,14.0,0.556,0.059,0.529,0.412,0.353,    ,MOUNTAIN BICYCLIST,Transport and Map Symbols
ğŸ¢,ğŸ¢,0x1f3a2,14.0,0.826,0.118,0.294,0.588,0.471,    ,ROLLER COASTER,Miscellaneous Symbols and Pictographs
ğŸ·,ğŸ·,0x1f3b7,14.0,0.76,0.059,0.235,0.706,0.647,    ,SAXOPHONE,Miscellaneous Symbols and Pictographs
ğŸ,ğŸ,0x1f390,14.0,0.291,0.059,0.706,0.235,0.176,    ,WIND CHIME,Miscellaneous Symbols and Pictographs
â”ˆ,â”ˆ,0x2508,14.0,0.793,0.765,0.059,0.176,-0.588,    ,BOX DRAWINGS LIGHT QUADRUPLE DASH HORIZONTAL,Box Drawing
â•—,â•—,0x2557,14.0,0.361,0.059,0.529,0.412,0.353,    ,BOX DRAWINGS DOUBLE DOWN AND LEFT,Box Drawing
â•±,â•±,0x2571,14.0,0.548,0.059,0.882,0.059,0.0,    ,BOX DRAWINGS LIGHT DIAGONAL UPPER RIGHT TO LOWER LEFT,Box Drawing
ğŸŒ‡,ğŸŒ‡,0x1f307,13.0,0.543,0.063,0.375,0.563,0.5,    ,SUNSET OVER BUILDINGS,Miscellaneous Symbols and Pictographs
â°,â°,0x23f0,13.0,0.646,0.188,0.188,0.625,0.438,    ,ALARM CLOCK,Miscellaneous Technical
â‡©,â‡©,0x21e9,13.0,0.504,0.063,0.875,0.063,0.0,    ,DOWNWARDS WHITE ARROW,Arrows
ğŸš‚,ğŸš‚,0x1f682,13.0,0.656,0.063,0.625,0.313,0.25,    ,STEAM LOCOMOTIVE,Transport and Map Symbols
â— ,â— ,0x25e0,13.0,0.653,0.063,0.438,0.5,0.438,    ,UPPER HALF CIRCLE,Geometric Shapes
ğŸ¿,ğŸ¿,0x1f3bf,13.0,0.727,0.125,0.375,0.5,0.375,    ,SKI AND SKI BOOT,Miscellaneous Symbols and Pictographs
âœ¦,âœ¦,0x2726,13.0,0.402,0.063,0.813,0.125,0.063,    ,BLACK FOUR POINTED STAR,Dingbats
ğŸ†”,ğŸ†”,0x1f194,13.0,0.479,0.063,0.125,0.813,0.75,    ,SQUARED ID,Enclosed Alphanumeric Supplement
â›ª,â›ª,0x26ea,13.0,0.387,0.188,0.5,0.313,0.125,    ,CHURCH,Miscellaneous Symbols
ğŸŒ’,ğŸŒ’,0x1f312,13.0,0.446,0.063,0.313,0.625,0.563,    ,WAXING CRESCENT MOON SYMBOL,Miscellaneous Symbols and Pictographs
ğŸª,ğŸª,0x1f42a,13.0,0.837,0.063,0.313,0.625,0.563,    ,DROMEDARY CAMEL,Miscellaneous Symbols and Pictographs
â•”,â•”,0x2554,13.0,0.31,0.063,0.625,0.313,0.25,    ,BOX DRAWINGS DOUBLE DOWN AND RIGHT,Box Drawing
â•,â•,0x255d,13.0,0.8,0.063,0.438,0.5,0.438,    ,BOX DRAWINGS DOUBLE UP AND LEFT,Box Drawing
ğŸ‘”,ğŸ‘”,0x1f454,12.0,0.52,0.2,0.267,0.533,0.333,    ,NECKTIE,Miscellaneous Symbols and Pictographs
ğŸ”±,ğŸ”±,0x1f531,12.0,0.791,0.267,0.4,0.333,0.067,    ,TRIDENT EMBLEM,Miscellaneous Symbols and Pictographs
ğŸ†“,ğŸ†“,0x1f193,12.0,0.551,0.067,0.667,0.267,0.2,    ,SQUARED FREE,Enclosed Alphanumeric Supplement
ğŸ‹,ğŸ‹,0x1f40b,12.0,0.866,0.2,0.4,0.4,0.2,    ,WHALE,Miscellaneous Symbols and Pictographs
â–½,â–½,0x25bd,12.0,0.844,0.133,0.333,0.533,0.4,    ,WHITE DOWN-POINTING TRIANGLE,Geometric Shapes
â–‚,â–‚,0x2582,12.0,0.579,0.067,0.867,0.067,0.0,    ,LOWER ONE QUARTER BLOCK,Block Elements
ğŸ›,ğŸ›,0x1f41b,12.0,0.673,0.2,0.333,0.467,0.267,    ,BUG,Miscellaneous Symbols and Pictographs
ğŸ‘•,ğŸ‘•,0x1f455,12.0,0.795,0.133,0.333,0.533,0.4,    ,T-SHIRT,Miscellaneous Symbols and Pictographs
ğŸš‹,ğŸš‹,0x1f68b,12.0,0.318,0.067,0.8,0.133,0.067,    ,TRAM CAR,Transport and Map Symbols
ğŸ’³,ğŸ’³,0x1f4b3,12.0,0.834,0.133,0.333,0.533,0.4,    ,CREDIT CARD,Miscellaneous Symbols and Pictographs
ğŸŒ†,ğŸŒ†,0x1f306,12.0,0.765,0.2,0.467,0.333,0.133,    ,CITYSCAPE AT DUSK,Miscellaneous Symbols and Pictographs
ğŸ§,ğŸ§,0x1f3e7,12.0,0.888,0.067,0.067,0.867,0.8,    ,AUTOMATED TELLER MACHINE,Miscellaneous Symbols and Pictographs
ğŸ’¡,ğŸ’¡,0x1f4a1,12.0,0.598,0.067,0.267,0.667,0.6,    ,ELECTRIC LIGHT BULB,Miscellaneous Symbols and Pictographs
ğŸ”¹,ğŸ”¹,0x1f539,12.0,0.17,0.2,0.467,0.333,0.133,    ,SMALL BLUE DIAMOND,Miscellaneous Symbols and Pictographs
â¬…,â¬…,0x2b05,12.0,0.663,0.067,0.4,0.533,0.467,    ,LEFTWARDS BLACK ARROW,Miscellaneous Symbols and Arrows
ğŸ ,ğŸ ,0x1f360,12.0,0.939,0.4,0.2,0.4,0.0,    ,ROASTED SWEET POTATO,Miscellaneous Symbols and Pictographs
ğŸ«,ğŸ«,0x1f42b,12.0,0.77,0.067,0.533,0.4,0.333,    ,BACTRIAN CAMEL,Miscellaneous Symbols and Pictographs
ğŸª,ğŸª,0x1f3ea,12.0,0.374,0.2,0.533,0.267,0.067,    ,CONVENIENCE STORE,Miscellaneous Symbols and Pictographs
Û©,Û©,0x6e9,12.0,0.464,0.067,0.867,0.067,0.0,    ,ARABIC PLACE OF SAJDAH,Arabic
ğŸ‡±,ğŸ‡±,0x1f1f1,12.0,0.713,0.067,0.467,0.467,0.4,    ,REGIONAL INDICATOR SYMBOL LETTER L,Enclosed Alphanumeric Supplement
ğŸ“¹,ğŸ“¹,0x1f4f9,11.0,0.718,0.143,0.286,0.571,0.429,    ,VIDEO CAMERA,Miscellaneous Symbols and Pictographs
ğŸ‘,ğŸ‘,0x1f45e,11.0,0.779,0.143,0.286,0.571,0.429,    ,MANS SHOE,Miscellaneous Symbols and Pictographs
ğŸš‘,ğŸš‘,0x1f691,11.0,0.758,0.286,0.357,0.357,0.071,    ,AMBULANCE,Transport and Map Symbols
ğŸ†˜,ğŸ†˜,0x1f198,11.0,0.775,0.357,0.214,0.429,0.071,    ,SQUARED SOS,Enclosed Alphanumeric Supplement
ğŸ‘š,ğŸ‘š,0x1f45a,11.0,0.81,0.071,0.286,0.643,0.571,    ,WOMANS CLOTHES,Miscellaneous Symbols and Pictographs
ğŸš,ğŸš,0x1f68d,11.0,0.66,0.357,0.214,0.429,0.071,    ,ONCOMING BUS,Transport and Map Symbols
â–¡,â–¡,0x25a1,11.0,0.674,0.571,0.071,0.357,-0.214,    ,WHITE SQUARE,Geometric Shapes
ğŸ‚,ğŸ‚,0x1f402,11.0,0.774,0.143,0.571,0.286,0.143,    ,OX,Miscellaneous Symbols and Pictographs
ğŸš£,ğŸš£,0x1f6a3,11.0,0.713,0.071,0.286,0.643,0.571,    ,ROWBOAT,Transport and Map Symbols
âœ³,âœ³,0x2733,11.0,0.372,0.071,0.857,0.071,0.0,    ,EIGHT SPOKED ASTERISK,Dingbats
ğŸ‰,ğŸ‰,0x1f3c9,11.0,0.837,0.071,0.357,0.571,0.5,    ,RUGBY FOOTBALL,Miscellaneous Symbols and Pictographs
ğŸ—»,ğŸ—»,0x1f5fb,11.0,0.723,0.071,0.286,0.643,0.571,    ,MOUNT FUJI,Miscellaneous Symbols and Pictographs
ğŸ€,ğŸ€,0x1f400,11.0,0.701,0.143,0.571,0.286,0.143,    ,RAT,Miscellaneous Symbols and Pictographs
â•¦,â•¦,0x2566,11.0,0.22,0.071,0.5,0.429,0.357,    ,BOX DRAWINGS DOUBLE DOWN AND HORIZONTAL,Box Drawing
â›º,â›º,0x26fa,10.0,0.906,0.154,0.231,0.615,0.462,    ,TENT,Miscellaneous Symbols
ğŸ•,ğŸ•,0x1f415,10.0,0.879,0.154,0.462,0.385,0.231,    ,DOG,Miscellaneous Symbols and Pictographs
ğŸ‚,ğŸ‚,0x1f3c2,10.0,0.777,0.154,0.308,0.538,0.385,    ,SNOWBOARDER,Miscellaneous Symbols and Pictographs
ğŸ‘¡,ğŸ‘¡,0x1f461,10.0,0.635,0.154,0.308,0.538,0.385,    ,WOMANS SANDAL,Miscellaneous Symbols and Pictographs
ğŸ“»,ğŸ“»,0x1f4fb,10.0,0.726,0.154,0.385,0.462,0.308,    ,RADIO,Miscellaneous Symbols and Pictographs
âœ’,âœ’,0x2712,10.0,0.544,0.154,0.462,0.385,0.231,    ,BLACK NIB,Dingbats
ğŸŒ°,ğŸŒ°,0x1f330,10.0,0.786,0.077,0.308,0.615,0.538,    ,CHESTNUT,Miscellaneous Symbols and Pictographs
ğŸ¢,ğŸ¢,0x1f3e2,10.0,0.542,0.077,0.692,0.231,0.154,    ,OFFICE BUILDING,Miscellaneous Symbols and Pictographs
ğŸ’,ğŸ’,0x1f392,10.0,0.614,0.154,0.231,0.615,0.462,    ,SCHOOL SATCHEL,Miscellaneous Symbols and Pictographs
âŒ’,âŒ’,0x2312,10.0,0.624,0.077,0.308,0.615,0.538,    ,ARC,Miscellaneous Technical
ğŸ«,ğŸ«,0x1f3eb,10.0,0.644,0.538,0.154,0.308,-0.231,    ,SCHOOL,Miscellaneous Symbols and Pictographs
ğŸ“´,ğŸ“´,0x1f4f4,10.0,0.982,0.154,0.077,0.769,0.615,    ,MOBILE PHONE OFF,Miscellaneous Symbols and Pictographs
ğŸš¢,ğŸš¢,0x1f6a2,10.0,0.818,0.308,0.154,0.538,0.231,    ,SHIP,Transport and Map Symbols
ğŸšš,ğŸšš,0x1f69a,10.0,0.479,0.231,0.615,0.154,-0.077,    ,DELIVERY TRUCK,Transport and Map Symbols
ğŸ‰,ğŸ‰,0x1f409,10.0,0.628,0.077,0.692,0.231,0.154,    ,DRAGON,Miscellaneous Symbols and Pictographs
â’,â’,0x2752,10.0,0.587,0.077,0.615,0.308,0.231,    ,UPPER RIGHT SHADOWED WHITE SQUARE,Dingbats
ğŸŠ,ğŸŠ,0x1f40a,10.0,0.846,0.231,0.462,0.308,0.077,    ,CROCODILE,Miscellaneous Symbols and Pictographs
ğŸ””,ğŸ””,0x1f514,10.0,0.713,0.077,0.077,0.846,0.769,    ,BELL,Miscellaneous Symbols and Pictographs
â—¢,â—¢,0x25e2,10.0,0.572,0.077,0.231,0.692,0.615,    ,BLACK LOWER RIGHT TRIANGLE,Geometric Shapes
ğŸ¥,ğŸ¥,0x1f3e5,9.0,0.648,0.167,0.417,0.417,0.25,    ,HOSPITAL,Miscellaneous Symbols and Pictographs
â”,â”,0x2754,9.0,0.787,0.333,0.333,0.333,0.0,    ,WHITE QUESTION MARK ORNAMENT,Dingbats
ğŸš–,ğŸš–,0x1f696,9.0,0.8,0.333,0.417,0.25,-0.083,    ,ONCOMING TAXI,Transport and Map Symbols
ğŸƒ,ğŸƒ,0x1f0cf,9.0,0.686,0.333,0.25,0.417,0.083,    ,PLAYING CARD BLACK JOKER,Playing Cards
â–¼,â–¼,0x25bc,9.0,0.657,0.25,0.417,0.333,0.083,    ,BLACK DOWN-POINTING TRIANGLE,Geometric Shapes
â–Œ,â–Œ,0x258c,9.0,0.421,0.417,0.417,0.167,-0.25,    ,LEFT HALF BLOCK,Block Elements
â˜›,â˜›,0x261b,9.0,0.554,0.083,0.5,0.417,0.333,    ,BLACK RIGHT POINTING INDEX,Miscellaneous Symbols
âœ©,âœ©,0x2729,9.0,0.266,0.083,0.833,0.083,0.0,    ,STRESS OUTLINED WHITE STAR,Dingbats
ğŸ’’,ğŸ’’,0x1f492,9.0,0.794,0.083,0.333,0.583,0.5,    ,WEDDING,Miscellaneous Symbols and Pictographs
ğŸš¤,ğŸš¤,0x1f6a4,9.0,0.504,0.083,0.5,0.417,0.333,    ,SPEEDBOAT,Transport and Map Symbols
ğŸ,ğŸ,0x1f410,9.0,0.721,0.083,0.417,0.5,0.417,    ,GOAT,Miscellaneous Symbols and Pictographs
â– ,â– ,0x25a0,9.0,0.79,0.5,0.25,0.25,-0.25,    ,BLACK SQUARE,Geometric Shapes
ğŸ”š,ğŸ”š,0x1f51a,9.0,0.869,0.167,0.333,0.5,0.333,    ,END WITH LEFTWARDS ARROW ABOVE,Miscellaneous Symbols and Pictographs
ğŸ»,ğŸ»,0x1f3bb,9.0,0.721,0.083,0.5,0.417,0.333,    ,VIOLIN,Miscellaneous Symbols and Pictographs
ğŸ”·,ğŸ”·,0x1f537,9.0,0.368,0.083,0.667,0.25,0.167,    ,LARGE BLUE DIAMOND,Miscellaneous Symbols and Pictographs
ğŸš¦,ğŸš¦,0x1f6a6,9.0,0.454,0.25,0.417,0.333,0.083,    ,VERTICAL TRAFFIC LIGHT,Transport and Map Symbols
ğŸ”“,ğŸ”“,0x1f513,9.0,0.803,0.333,0.25,0.417,0.083,    ,OPEN LOCK,Miscellaneous Symbols and Pictographs
ğŸ½,ğŸ½,0x1f3bd,9.0,0.904,0.083,0.417,0.5,0.417,    ,RUNNING SHIRT WITH SASH,Miscellaneous Symbols and Pictographs
ğŸ“…,ğŸ“…,0x1f4c5,9.0,0.597,0.25,0.333,0.417,0.167,    ,CALENDAR,Miscellaneous Symbols and Pictographs
ğŸº,ğŸº,0x1f3ba,9.0,0.646,0.167,0.083,0.75,0.583,    ,TRUMPET,Miscellaneous Symbols and Pictographs
âœ¯,âœ¯,0x272f,9.0,0.321,0.083,0.833,0.083,0.0,    ,PINWHEEL STAR,Dingbats
ğŸˆ,ğŸˆ,0x1f348,9.0,0.521,0.583,0.167,0.25,-0.333,    ,MELON,Miscellaneous Symbols and Pictographs
âœ‰,âœ‰,0x2709,9.0,0.441,0.167,0.417,0.417,0.25,    ,ENVELOPE,Dingbats
â•£,â•£,0x2563,9.0,0.642,0.083,0.833,0.083,0.0,    ,BOX DRAWINGS DOUBLE VERTICAL AND LEFT,Box Drawing
â—¤,â—¤,0x25e4,9.0,0.669,0.083,0.083,0.833,0.75,    ,BLACK UPPER LEFT TRIANGLE,Geometric Shapes
â—‹,â—‹,0x25cb,8.0,0.625,0.091,0.364,0.545,0.455,    ,WHITE CIRCLE,Geometric Shapes
ğŸ¼,ğŸ¼,0x1f37c,8.0,0.89,0.182,0.182,0.636,0.455,    ,BABY BOTTLE,Miscellaneous Symbols and Pictographs
ğŸ“€,ğŸ“€,0x1f4c0,8.0,0.843,0.182,0.545,0.273,0.091,    ,DVD,Miscellaneous Symbols and Pictographs
ğŸš›,ğŸš›,0x1f69b,8.0,0.552,0.273,0.636,0.091,-0.182,    ,ARTICULATED LORRY,Transport and Map Symbols
ğŸ““,ğŸ““,0x1f4d3,8.0,0.835,0.182,0.455,0.364,0.182,    ,NOTEBOOK,Miscellaneous Symbols and Pictographs
â˜‰,â˜‰,0x2609,8.0,0.986,0.091,0.636,0.273,0.182,    ,SUN,Miscellaneous Symbols
ğŸ’´,ğŸ’´,0x1f4b4,8.0,0.837,0.364,0.455,0.182,-0.182,    ,BANKNOTE WITH YEN SIGN,Miscellaneous Symbols and Pictographs
â”¼,â”¼,0x253c,8.0,0.595,0.273,0.455,0.273,0.0,    ,BOX DRAWINGS LIGHT VERTICAL AND HORIZONTAL,Box Drawing
ğŸƒ,ğŸƒ,0x1f403,8.0,0.83,0.091,0.818,0.091,0.0,    ,WATER BUFFALO,Miscellaneous Symbols and Pictographs
â°,â°,0x27b0,8.0,0.255,0.455,0.182,0.364,-0.091,    ,CURLY LOOP,Dingbats
ğŸ”Œ,ğŸ”Œ,0x1f50c,8.0,0.844,0.364,0.364,0.273,-0.091,    ,ELECTRIC PLUG,Miscellaneous Symbols and Pictographs
ğŸ„,ğŸ„,0x1f344,8.0,0.482,0.273,0.455,0.273,0.0,    ,MUSHROOM,Miscellaneous Symbols and Pictographs
ğŸ“•,ğŸ“•,0x1f4d5,8.0,0.688,0.182,0.455,0.364,0.182,    ,CLOSED BOOK,Miscellaneous Symbols and Pictographs
ğŸ“£,ğŸ“£,0x1f4e3,8.0,0.665,0.182,0.273,0.545,0.364,    ,CHEERING MEGAPHONE,Miscellaneous Symbols and Pictographs
ğŸš“,ğŸš“,0x1f693,8.0,0.655,0.091,0.545,0.364,0.273,    ,POLICE CAR,Transport and Map Symbols
ğŸ—,ğŸ—,0x1f417,8.0,0.757,0.091,0.364,0.545,0.455,    ,BOAR,Miscellaneous Symbols and Pictographs
â†ª,â†ª,0x21aa,8.0,0.727,0.091,0.727,0.182,0.091,    ,RIGHTWARDS ARROW WITH HOOK,Arrows
â›³,â›³,0x26f3,8.0,0.66,0.091,0.182,0.727,0.636,    ,FLAG IN HOLE,Miscellaneous Symbols
â”»,â”»,0x253b,8.0,0.436,0.636,0.091,0.273,-0.364,    ,BOX DRAWINGS HEAVY UP AND HORIZONTAL,Box Drawing
â”›,â”›,0x251b,8.0,0.712,0.091,0.273,0.636,0.545,    ,BOX DRAWINGS HEAVY UP AND LEFT,Box Drawing
â”ƒ,â”ƒ,0x2503,8.0,0.496,0.091,0.455,0.455,0.364,    ,BOX DRAWINGS HEAVY VERTICAL,Box Drawing
ğŸ‘±,ğŸ‘±,0x1f471,7.0,0.584,0.2,0.5,0.3,0.1,    ,PERSON WITH BLOND HAIR,Miscellaneous Symbols and Pictographs
â³,â³,0x23f3,7.0,0.829,0.4,0.2,0.4,0.0,    ,HOURGLASS WITH FLOWING SAND,Miscellaneous Technical
ğŸ’º,ğŸ’º,0x1f4ba,7.0,0.5,0.2,0.4,0.4,0.2,    ,SEAT,Miscellaneous Symbols and Pictographs
ğŸ‡,ğŸ‡,0x1f3c7,7.0,0.829,0.4,0.3,0.3,-0.1,    ,HORSE RACING,Miscellaneous Symbols and Pictographs
â˜»,â˜»,0x263b,7.0,0.808,0.2,0.4,0.4,0.2,    ,BLACK SMILING FACE,Miscellaneous Symbols
ğŸ“,ğŸ“,0x1f4de,7.0,0.64,0.1,0.4,0.5,0.4,    ,TELEPHONE RECEIVER,Miscellaneous Symbols and Pictographs
â’¶,â’¶,0x24b6,7.0,0.467,0.3,0.5,0.2,-0.1,    ,CIRCLED LATIN CAPITAL LETTER A,Enclosed Alphanumerics
ğŸŒ‰,ğŸŒ‰,0x1f309,7.0,0.848,0.1,0.3,0.6,0.5,    ,BRIDGE AT NIGHT,Miscellaneous Symbols and Pictographs
ğŸš©,ğŸš©,0x1f6a9,7.0,0.147,0.4,0.4,0.2,-0.2,    ,TRIANGULAR FLAG ON POST,Transport and Map Symbols
âœ,âœ,0x270e,7.0,0.547,0.1,0.3,0.6,0.5,    ,LOWER RIGHT PENCIL,Dingbats
ğŸ“ƒ,ğŸ“ƒ,0x1f4c3,7.0,0.754,0.1,0.4,0.5,0.4,    ,PAGE WITH CURL,Miscellaneous Symbols and Pictographs
ğŸ¨,ğŸ¨,0x1f3e8,7.0,0.803,0.1,0.6,0.3,0.2,    ,HOTEL,Miscellaneous Symbols and Pictographs
ğŸ“Œ,ğŸ“Œ,0x1f4cc,7.0,0.799,0.6,0.2,0.2,-0.4,    ,PUSHPIN,Miscellaneous Symbols and Pictographs
â™,â™,0x264e,7.0,0.855,0.3,0.5,0.2,-0.1,    ,LIBRA,Miscellaneous Symbols
ğŸ’·,ğŸ’·,0x1f4b7,7.0,0.573,0.1,0.4,0.5,0.4,    ,BANKNOTE WITH POUND SIGN,Miscellaneous Symbols and Pictographs
ğŸš„,ğŸš„,0x1f684,7.0,0.7,0.1,0.3,0.6,0.5,    ,HIGH-SPEED TRAIN,Transport and Map Symbols
â–²,â–²,0x25b2,7.0,0.338,0.1,0.3,0.6,0.5,    ,BLACK UP-POINTING TRIANGLE,Geometric Shapes
â›µ,â›µ,0x26f5,7.0,0.324,0.1,0.3,0.6,0.5,    ,SAILBOAT,Miscellaneous Symbols
ğŸ”¸,ğŸ”¸,0x1f538,7.0,0.172,0.1,0.6,0.3,0.2,    ,SMALL ORANGE DIAMOND,Miscellaneous Symbols and Pictographs
âŒ›,âŒ›,0x231b,7.0,0.797,0.3,0.3,0.4,0.1,    ,HOURGLASS,Miscellaneous Technical
ğŸšœ,ğŸšœ,0x1f69c,7.0,0.767,0.1,0.1,0.8,0.7,    ,TRACTOR,Transport and Map Symbols
ğŸ†,ğŸ†,0x1f406,7.0,0.55,0.1,0.5,0.4,0.3,    ,LEOPARD,Miscellaneous Symbols and Pictographs
ğŸ‘’,ğŸ‘’,0x1f452,7.0,0.844,0.2,0.4,0.4,0.2,    ,WOMANS HAT,Miscellaneous Symbols and Pictographs
â•,â•,0x2755,7.0,0.862,0.2,0.4,0.4,0.2,    ,WHITE EXCLAMATION MARK ORNAMENT,Dingbats
ğŸ”›,ğŸ”›,0x1f51b,7.0,0.474,0.2,0.2,0.6,0.4,    ,ON WITH EXCLAMATION MARK WITH LEFT RIGHT ARROW ABOVE,Miscellaneous Symbols and Pictographs
â™¢,â™¢,0x2662,7.0,0.868,0.1,0.5,0.4,0.3,    ,WHITE DIAMOND SUIT,Miscellaneous Symbols
ğŸ‡²,ğŸ‡²,0x1f1f2,7.0,0.787,0.1,0.4,0.5,0.4,    ,REGIONAL INDICATOR SYMBOL LETTER M,Enclosed Alphanumeric Supplement
â…,â…,0x2745,7.0,0.247,0.1,0.2,0.7,0.6,    ,TIGHT TRIFOLIATE SNOWFLAKE,Dingbats
ğŸ‘,ğŸ‘,0x1f45d,6.0,0.611,0.222,0.222,0.556,0.333,    ,POUCH,Miscellaneous Symbols and Pictographs
âœ,âœ,0x271e,6.0,0.509,0.111,0.444,0.444,0.333,    ,SHADOWED WHITE LATIN CROSS,Dingbats
â—¡,â—¡,0x25e1,6.0,0.947,0.111,0.556,0.333,0.222,    ,LOWER HALF CIRCLE,Geometric Shapes
ğŸ‹,ğŸ‹,0x1f38b,6.0,0.786,0.222,0.111,0.667,0.444,    ,TANABATA TREE,Miscellaneous Symbols and Pictographs
ğŸ‘¥,ğŸ‘¥,0x1f465,6.0,0.838,0.222,0.333,0.444,0.222,    ,BUSTS IN SILHOUETTE,Miscellaneous Symbols and Pictographs
ğŸ“µ,ğŸ“µ,0x1f4f5,6.0,0.794,0.222,0.444,0.333,0.111,    ,NO MOBILE PHONES,Miscellaneous Symbols and Pictographs
ğŸ¡,ğŸ¡,0x1f421,6.0,0.867,0.111,0.556,0.333,0.222,    ,BLOWFISH,Miscellaneous Symbols and Pictographs
â—†,â—†,0x25c6,6.0,0.602,0.111,0.222,0.667,0.556,    ,BLACK DIAMOND,Geometric Shapes
ğŸ¯,ğŸ¯,0x1f3ef,6.0,0.53,0.111,0.667,0.222,0.111,    ,JAPANESE CASTLE,Miscellaneous Symbols and Pictographs
â˜‚,â˜‚,0x2602,6.0,0.453,0.222,0.556,0.222,0.0,    ,UMBRELLA,Miscellaneous Symbols
ğŸ”­,ğŸ”­,0x1f52d,6.0,0.716,0.111,0.444,0.444,0.333,    ,TELESCOPE,Miscellaneous Symbols and Pictographs
ğŸª,ğŸª,0x1f3aa,6.0,0.608,0.111,0.556,0.333,0.222,    ,CIRCUS TENT,Miscellaneous Symbols and Pictographs
ğŸœ,ğŸœ,0x1f41c,6.0,0.88,0.111,0.333,0.556,0.444,    ,ANT,Miscellaneous Symbols and Pictographs
â™Œ,â™Œ,0x264c,6.0,0.79,0.111,0.222,0.667,0.556,    ,LEO,Miscellaneous Symbols
â˜,â˜,0x2610,6.0,0.538,0.778,0.111,0.111,-0.667,    ,BALLOT BOX,Miscellaneous Symbols
ğŸ‘·,ğŸ‘·,0x1f477,6.0,0.739,0.222,0.333,0.444,0.222,    ,CONSTRUCTION WORKER,Miscellaneous Symbols and Pictographs
â†³,â†³,0x21b3,6.0,0.346,0.111,0.778,0.111,0.0,    ,DOWNWARDS ARROW WITH TIP RIGHTWARDS,Arrows
ğŸ”ˆ,ğŸ”ˆ,0x1f508,6.0,0.635,0.111,0.556,0.333,0.222,    ,SPEAKER,Miscellaneous Symbols and Pictographs
ğŸ“„,ğŸ“„,0x1f4c4,6.0,0.624,0.111,0.111,0.778,0.667,    ,PAGE FACING UP,Miscellaneous Symbols and Pictographs
ğŸ“,ğŸ“,0x1f4cd,6.0,0.489,0.222,0.444,0.333,0.111,    ,ROUND PUSHPIN,Miscellaneous Symbols and Pictographs
ğŸš,ğŸš,0x1f690,6.0,0.776,0.111,0.222,0.667,0.556,    ,MINIBUS,Transport and Map Symbols
ğŸš”,ğŸš”,0x1f694,6.0,0.522,0.222,0.556,0.222,0.0,    ,ONCOMING POLICE CAR,Transport and Map Symbols
ğŸŒ‹,ğŸŒ‹,0x1f30b,6.0,0.38,0.111,0.333,0.556,0.444,    ,VOLCANO,Miscellaneous Symbols and Pictographs
ğŸ“¡,ğŸ“¡,0x1f4e1,6.0,0.554,0.222,0.333,0.444,0.222,    ,SATELLITE ANTENNA,Miscellaneous Symbols and Pictographs
â©,â©,0x23e9,6.0,0.732,0.111,0.667,0.222,0.111,    ,BLACK RIGHT-POINTING DOUBLE TRIANGLE,Miscellaneous Technical
ğŸš³,ğŸš³,0x1f6b3,6.0,0.103,0.111,0.111,0.778,0.667,    ,NO BICYCLES,Transport and Map Symbols
âœ˜,âœ˜,0x2718,6.0,0.539,0.111,0.222,0.667,0.556,    ,HEAVY BALLOT X,Dingbats
Û,Û,0x6de,6.0,0.472,0.111,0.778,0.111,0.0,    ,ARABIC START OF RUB EL HIZB,Arabic
â˜¾,â˜¾,0x263e,6.0,0.453,0.111,0.778,0.111,0.0,    ,LAST QUARTER MOON,Miscellaneous Symbols
ğŸ…°,ğŸ…°,0x1f170,6.0,0.311,0.222,0.333,0.444,0.222,    ,NEGATIVE SQUARED LATIN CAPITAL LETTER A,Enclosed Alphanumeric Supplement
ğŸ“¥,ğŸ“¥,0x1f4e5,6.0,0.982,0.111,0.778,0.111,0.0,    ,INBOX TRAY,Miscellaneous Symbols and Pictographs
ğŸ‡¼,ğŸ‡¼,0x1f1fc,6.0,0.734,0.111,0.444,0.444,0.333,    ,REGIONAL INDICATOR SYMBOL LETTER W,Enclosed Alphanumeric Supplement
â”“,â”“,0x2513,6.0,0.515,0.111,0.333,0.556,0.444,    ,BOX DRAWINGS HEAVY DOWN AND LEFT,Box Drawing
â”£,â”£,0x2523,6.0,0.487,0.111,0.333,0.556,0.444,    ,BOX DRAWINGS HEAVY VERTICAL AND RIGHT,Box Drawing
â“,â“,0x24c1,6.0,0.727,0.111,0.444,0.444,0.333,    ,CIRCLED LATIN CAPITAL LETTER L,Enclosed Alphanumerics
â’º,â’º,0x24ba,6.0,0.815,0.111,0.444,0.444,0.333,    ,CIRCLED LATIN CAPITAL LETTER E,Enclosed Alphanumerics
ğŸ”¦,ğŸ”¦,0x1f526,5.0,0.853,0.125,0.75,0.125,0.0,    ,ELECTRIC TORCH,Miscellaneous Symbols and Pictographs
ğŸ‘¤,ğŸ‘¤,0x1f464,5.0,0.786,0.125,0.25,0.625,0.5,    ,BUST IN SILHOUETTE,Miscellaneous Symbols and Pictographs
ğŸš,ğŸš,0x1f681,5.0,0.51,0.125,0.625,0.25,0.125,    ,HELICOPTER,Transport and Map Symbols
ğŸ ,ğŸ ,0x1f3a0,5.0,0.574,0.125,0.375,0.5,0.375,    ,CAROUSEL HORSE,Miscellaneous Symbols and Pictographs
ğŸ,ğŸ,0x1f401,5.0,0.419,0.375,0.5,0.125,-0.25,    ,MOUSE,Miscellaneous Symbols and Pictographs
ğŸ“—,ğŸ“—,0x1f4d7,5.0,0.789,0.25,0.375,0.375,0.125,    ,GREEN BOOK,Miscellaneous Symbols and Pictographs
â”,â”,0x2510,5.0,0.771,0.375,0.375,0.25,-0.125,    ,BOX DRAWINGS LIGHT DOWN AND LEFT,Box Drawing
â˜®,â˜®,0x262e,5.0,0.75,0.375,0.25,0.375,0.0,    ,PEACE SYMBOL,Miscellaneous Symbols
â™‚,â™‚,0x2642,5.0,0.58,0.125,0.625,0.25,0.125,    ,MALE SIGN,Miscellaneous Symbols
â—,â—,0x25de,5.0,0.723,0.25,0.5,0.25,0.0,    ,LOWER RIGHT QUADRANT CIRCULAR ARC,Geometric Shapes
ğŸ“¯,ğŸ“¯,0x1f4ef,5.0,0.974,0.25,0.625,0.125,-0.125,    ,POSTAL HORN,Miscellaneous Symbols and Pictographs
ğŸ”©,ğŸ”©,0x1f529,5.0,0.673,0.25,0.375,0.375,0.125,    ,NUT AND BOLT,Miscellaneous Symbols and Pictographs
ğŸ‘¢,ğŸ‘¢,0x1f462,5.0,0.994,0.125,0.25,0.625,0.5,    ,WOMANS BOOTS,Miscellaneous Symbols and Pictographs
â—‚,â—‚,0x25c2,5.0,0.199,0.125,0.5,0.375,0.25,    ,BLACK LEFT-POINTING SMALL TRIANGLE,Geometric Shapes
ğŸ“°,ğŸ“°,0x1f4f0,5.0,0.86,0.25,0.25,0.5,0.25,    ,NEWSPAPER,Miscellaneous Symbols and Pictographs
ğŸ“¶,ğŸ“¶,0x1f4f6,5.0,0.93,0.125,0.5,0.375,0.25,    ,ANTENNA WITH BARS,Miscellaneous Symbols and Pictographs
ğŸš¥,ğŸš¥,0x1f6a5,5.0,0.724,0.25,0.5,0.25,0.0,    ,HORIZONTAL TRAFFIC LIGHT,Transport and Map Symbols
ğŸŒ„,ğŸŒ„,0x1f304,5.0,0.286,0.125,0.625,0.25,0.125,    ,SUNRISE OVER MOUNTAINS,Miscellaneous Symbols and Pictographs
ğŸ—¾,ğŸ—¾,0x1f5fe,5.0,0.739,0.125,0.5,0.375,0.25,    ,SILHOUETTE OF JAPAN,Miscellaneous Symbols and Pictographs
ğŸ”¶,ğŸ”¶,0x1f536,5.0,0.786,0.125,0.5,0.375,0.25,    ,LARGE ORANGE DIAMOND,Miscellaneous Symbols and Pictographs
ğŸ¤,ğŸ¤,0x1f3e4,5.0,0.273,0.125,0.5,0.375,0.25,    ,EUROPEAN POST OFFICE,Miscellaneous Symbols and Pictographs
ğŸ©,ğŸ©,0x1f3a9,5.0,0.586,0.125,0.5,0.375,0.25,    ,TOP HAT,Miscellaneous Symbols and Pictographs
â“‚,â“‚,0x24c2,5.0,0.765,0.25,0.25,0.5,0.25,    ,CIRCLED LATIN CAPITAL LETTER M,Enclosed Alphanumerics
ğŸ”§,ğŸ”§,0x1f527,5.0,0.677,0.625,0.125,0.25,-0.375,    ,WRENCH,Miscellaneous Symbols and Pictographs
ğŸ…,ğŸ…,0x1f405,5.0,0.819,0.125,0.625,0.25,0.125,    ,TIGER,Miscellaneous Symbols and Pictographs
â™®,â™®,0x266e,5.0,0.937,0.125,0.625,0.25,0.125,    ,MUSIC NATURAL SIGN,Miscellaneous Symbols
ğŸ…¾,ğŸ…¾,0x1f17e,5.0,0.977,0.375,0.375,0.25,-0.125,    ,NEGATIVE SQUARED LATIN CAPITAL LETTER O,Enclosed Alphanumeric Supplement
ğŸ”„,ğŸ”„,0x1f504,5.0,0.971,0.125,0.75,0.125,0.0,    ,ANTICLOCKWISE DOWNWARDS AND UPWARDS OPEN CIRCLE ARROWS,Miscellaneous Symbols and Pictographs
â˜„,â˜„,0x2604,5.0,0.435,0.125,0.75,0.125,0.0,    ,COMET,Miscellaneous Symbols
â˜¨,â˜¨,0x2628,5.0,0.458,0.125,0.75,0.125,0.0,    ,CROSS OF LORRAINE,Miscellaneous Symbols
